fips,county_name,state_abbr,land_use_short,wind_breakeven_cost_fom,wind_tp_fom,wind_ep_fom
13141,Hancock,GA,AGRICULTURAL,401,460.0,0.0
32011,Eureka,NV,AGRICULTURAL,270,254.8,0.0
08123,Weld,CO,AGRICULTURAL,980,176.6,0.0
08075,Logan,CO,AGRICULTURAL,591,162.7,0.0
32013,Humboldt,NV,AGRICULTURAL,39,102.1,0.0
01061,Geneva,AL,AGRICULTURAL,441,97.4,0.0
06047,Merced,CA,AGRICULTURAL,591,79.8,0.0
28083,Leflore,MS,AGRICULTURAL,895,61.0,0.0
48011,Armstrong,TX,AGRICULTURAL,1391,56.8,0.0
40047,Garfield,OK,AGRICULTURAL,1757,53.6,53.6
21151,Madison,KY,AGRICULTURAL,1153,52.6,0.0
53043,Lincoln,WA,AGRICULTURAL,1068,52.0,0.0
08063,Kit Carson,CO,AGRICULTURAL,1372,49.0,0.0
17075,Iroquois,IL,AGRICULTURAL,1350,46.4,0.0
08109,Saguache,CO,AGRICULTURAL,26,43.7,0.0
34033,Salem,NJ,AGRICULTURAL,12,39.2,0.0
49021,Iron,UT,AGRICULTURAL,1025,38.1,0.0
17053,Ford,IL,AGRICULTURAL,1555,37.4,0.0
17073,Henry,IL,AGRICULTURAL,1620,35.2,9.1
28055,Issaquena,MS,AGRICULTURAL,805,33.7,0.0
42005,Armstrong,PA,AGRICULTURAL,969,33.2,0.0
20021,Cherokee,KS,AGRICULTURAL,1773,29.5,4.5
42117,Tioga,PA,AGRICULTURAL,1389,28.9,28.3
29205,Shelby,MO,AGRICULTURAL,1535,28.8,0.0
40009,Beckham,OK,AGRICULTURAL,1357,28.1,0.0
40015,Caddo,OK,AGRICULTURAL,1785,28.1,27.6
26065,Ingham,MI,AGRICULTURAL,59,27.1,0.0
17105,Livingston,IL,AGRICULTURAL,1631,26.9,24.9
31031,Cherry,NE,AGRICULTURAL,1834,26.5,9.0
28133,Sunflower,MS,AGRICULTURAL,1100,26.5,0.0
17091,Kankakee,IL,AGRICULTURAL,1435,26.1,0.0
28029,Copiah,MS,AGRICULTURAL,684,25.7,0.0
17135,Montgomery,IL,AGRICULTURAL,1486,25.3,0.0
17021,Christian,IL,AGRICULTURAL,1359,24.5,0.0
28119,Quitman,MS,AGRICULTURAL,1013,24.4,0.0
17107,Logan,IL,AGRICULTURAL,1404,24.3,0.0
21017,Bourbon,KY,AGRICULTURAL,1086,23.2,0.0
29041,Chariton,MO,AGRICULTURAL,1251,23.2,0.0
16051,Jefferson,ID,AGRICULTURAL,840,22.5,0.0
46063,Harding,SD,AGRICULTURAL,1382,20.9,0.0
17115,Macon,IL,AGRICULTURAL,1395,20.5,0.0
48229,Hudspeth,TX,AGRICULTURAL,428,20.5,0.0
28051,Holmes,MS,AGRICULTURAL,871,19.0,0.0
31101,Keith,NE,AGRICULTURAL,1205,18.9,0.0
20157,Republic,KS,AGRICULTURAL,1538,18.7,6.4
35057,Torrance,NM,AGRICULTURAL,1404,18.6,14.9
29147,Nodaway,MO,AGRICULTURAL,1684,17.8,2.4
17027,Clinton,IL,AGRICULTURAL,1339,17.2,0.0
24041,Talbot,MD,AGRICULTURAL,1083,16.8,0.0
36017,Chenango,NY,AGRICULTURAL,1614,16.7,16.7
17093,Kendall,IL,AGRICULTURAL,1396,16.7,0.0
17113,McLean,IL,AGRICULTURAL,1696,16.5,16.5
18177,Wayne,IN,AGRICULTURAL,1342,16.5,0.0
46029,Codington,SD,AGRICULTURAL,1876,16.5,15.7
39031,Coshocton,OH,AGRICULTURAL,939,15.6,0.0
45089,Williamsburg,SC,AGRICULTURAL,776,15.4,0.0
48165,Gaines,TX,AGRICULTURAL,1080,15.1,0.0
05037,Cross,AR,AGRICULTURAL,1296,15.1,0.0
42063,Indiana,PA,AGRICULTURAL,863,14.6,0.0
06049,Modoc,CA,AGRICULTURAL,560,13.9,0.0
39091,Logan,OH,AGRICULTURAL,1685,13.6,13.6
36075,Oswego,NY,AGRICULTURAL,813,13.4,0.0
48055,Caldwell,TX,AGRICULTURAL,620,13.1,0.0
48491,Williamson,TX,AGRICULTURAL,1102,13.0,0.0
48255,Karnes,TX,AGRICULTURAL,1035,12.7,0.0
17079,Jasper,IL,AGRICULTURAL,1351,12.6,0.0
48283,La Salle,TX,AGRICULTURAL,883,12.5,0.0
31001,Adams,NE,AGRICULTURAL,1620,12.5,0.3
30011,Carter,MT,AGRICULTURAL,1550,12.4,8.7
36037,Genesee,NY,AGRICULTURAL,1403,12.4,0.0
55085,Oneida,WI,AGRICULTURAL,30,12.2,0.0
31125,Nance,NE,AGRICULTURAL,1528,12.1,0.0
29145,Newton,MO,AGRICULTURAL,1840,11.7,8.0
38025,Dunn,ND,AGRICULTURAL,1381,11.6,1.2
27165,Watonwan,MN,AGRICULTURAL,1645,11.2,2.5
20087,Jefferson,KS,AGRICULTURAL,1601,11.1,3.7
27027,Clay,MN,AGRICULTURAL,1352,10.8,0.0
36065,Oneida,NY,AGRICULTURAL,691,10.7,0.0
29101,Johnson,MO,AGRICULTURAL,1512,10.7,0.0
08027,Custer,CO,AGRICULTURAL,233,10.6,0.0
39001,Adams,OH,AGRICULTURAL,486,10.5,0.0
48109,Culberson,TX,AGRICULTURAL,789,10.3,0.0
29091,Howell,MO,AGRICULTURAL,1266,10.3,0.0
27005,Becker,MN,AGRICULTURAL,1375,10.3,0.0
29199,Scotland,MO,AGRICULTURAL,1487,10.2,0.0
56003,Big Horn,WY,AGRICULTURAL,635,10.2,0.0
30041,Hill,MT,AGRICULTURAL,1347,10.2,0.0
29115,Linn,MO,AGRICULTURAL,1547,10.0,0.0
48093,Comanche,TX,AGRICULTURAL,827,10.0,0.0
48051,Burleson,TX,AGRICULTURAL,739,9.7,0.0
05023,Cleburne,AR,AGRICULTURAL,1036,9.6,0.0
20085,Jackson,KS,AGRICULTURAL,1583,9.4,1.6
30015,Chouteau,MT,AGRICULTURAL,1509,9.4,0.4
48127,Dimmit,TX,AGRICULTURAL,919,9.4,0.0
39147,Seneca,OH,AGRICULTURAL,1552,9.3,0.0
30035,Glacier,MT,AGRICULTURAL,1536,9.3,0.0
20119,Meade,KS,AGRICULTURAL,1387,9.2,0.0
18053,Grant,IN,AGRICULTURAL,1190,9.1,0.0
31087,Hitchcock,NE,AGRICULTURAL,1304,9.1,0.0
29131,Miller,MO,AGRICULTURAL,1254,9.1,0.0
30085,Roosevelt,MT,AGRICULTURAL,1117,9.1,0.0
39021,Champaign,OH,AGRICULTURAL,1161,9.0,0.0
29133,Mississippi,MO,AGRICULTURAL,1231,9.0,0.0
31057,Dundy,NE,AGRICULTURAL,1206,8.9,0.0
31085,Hayes,NE,AGRICULTURAL,1219,8.8,0.0
31117,McPherson,NE,AGRICULTURAL,1447,8.8,0.0
38105,Williams,ND,AGRICULTURAL,1555,8.7,0.0
48301,Loving,TX,AGRICULTURAL,225,8.7,0.0
36093,Schenectady,NY,AGRICULTURAL,1466,8.7,0.0
48371,Pecos,TX,AGRICULTURAL,528,8.6,0.0
20029,Cloud,KS,AGRICULTURAL,1269,8.5,0.0
31011,Boone,NE,AGRICULTURAL,1623,8.5,0.5
31107,Knox,NE,AGRICULTURAL,1769,8.4,6.1
53071,Walla Walla,WA,AGRICULTURAL,699,8.4,0.0
30105,Valley,MT,AGRICULTURAL,1669,8.4,7.4
30087,Rosebud,MT,AGRICULTURAL,1123,8.4,0.0
01045,Dale,AL,AGRICULTURAL,249,8.3,0.0
46123,Tripp,SD,AGRICULTURAL,1546,8.3,0.0
30075,Powder River,MT,AGRICULTURAL,1171,8.3,0.0
16087,Washington,ID,AGRICULTURAL,272,8.3,0.0
21179,Nelson,KY,AGRICULTURAL,30,8.2,0.0
48149,Fayette,TX,AGRICULTURAL,791,8.1,0.0
46091,Marshall,SD,AGRICULTURAL,1564,8.0,5.3
30027,Fergus,MT,AGRICULTURAL,1382,7.9,0.0
40087,McClain,OK,AGRICULTURAL,1217,7.8,0.5
17173,Shelby,IL,AGRICULTURAL,1402,7.8,0.0
48287,Lee,TX,AGRICULTURAL,1013,7.7,0.0
53025,Grant,WA,AGRICULTURAL,719,7.6,0.0
40145,Wagoner,OK,AGRICULTURAL,1574,7.6,0.0
31039,Cuming,NE,AGRICULTURAL,1121,7.6,5.9
19093,Ida,IA,AGRICULTURAL,1651,7.5,2.5
40045,Ellis,OK,AGRICULTURAL,1552,7.5,7.3
36013,Chautauqua,NY,AGRICULTURAL,134,7.5,0.0
31147,Richardson,NE,AGRICULTURAL,1651,7.4,0.8
38085,Sioux,ND,AGRICULTURAL,1566,7.4,1.2
48319,Mason,TX,AGRICULTURAL,842,7.3,0.0
46067,Hutchinson,SD,AGRICULTURAL,1492,7.3,0.0
05059,Hot Spring,AR,AGRICULTURAL,1118,7.3,0.0
46071,Jackson,SD,AGRICULTURAL,1054,7.3,0.0
39159,Union,OH,AGRICULTURAL,890,7.3,0.0
20099,Labette,KS,AGRICULTURAL,1592,7.2,6.4
48193,Hamilton,TX,AGRICULTURAL,1358,7.2,0.0
19061,Dubuque,IA,AGRICULTURAL,1014,7.2,0.0
27169,Winona,MN,AGRICULTURAL,1372,7.1,0.0
17159,Richland,IL,AGRICULTURAL,1340,7.1,0.0
30111,Yellowstone,MT,AGRICULTURAL,1015,7.1,0.0
31027,Cedar,NE,AGRICULTURAL,1461,7.0,6.1
20115,Marion,KS,AGRICULTURAL,1183,6.9,6.4
31019,Buffalo,NE,AGRICULTURAL,1666,6.8,0.6
31139,Pierce,NE,AGRICULTURAL,1746,6.8,6.8
31167,Stanton,NE,AGRICULTURAL,1852,6.8,0.6
20185,Stafford,KS,AGRICULTURAL,1650,6.8,0.7
30059,Meagher,MT,AGRICULTURAL,1160,6.8,0.0
30071,Phillips,MT,AGRICULTURAL,1256,6.7,0.0
40075,Kiowa,OK,AGRICULTURAL,1123,6.7,0.0
20047,Edwards,KS,AGRICULTURAL,1269,6.7,0.0
20203,Wichita,KS,AGRICULTURAL,1408,6.6,0.0
20095,Kingman,KS,AGRICULTURAL,1264,6.6,0.0
17163,St. Clair,IL,AGRICULTURAL,875,6.6,0.0
20027,Clay,KS,AGRICULTURAL,1475,6.6,0.0
20009,Barton,KS,AGRICULTURAL,1516,6.5,0.0
17033,Crawford,IL,AGRICULTURAL,1424,6.5,0.0
29017,Bollinger,MO,AGRICULTURAL,990,6.4,0.0
54037,Jefferson,WV,AGRICULTURAL,820,6.4,0.0
39141,Ross,OH,AGRICULTURAL,735,6.4,0.0
20141,Osborne,KS,AGRICULTURAL,1395,6.4,0.0
31161,Sheridan,NE,AGRICULTURAL,1386,6.3,2.2
31165,Sioux,NE,AGRICULTURAL,849,6.2,0.0
20033,Comanche,KS,AGRICULTURAL,1242,6.2,0.0
31069,Garden,NE,AGRICULTURAL,1446,6.2,0.0
19003,Adams,IA,AGRICULTURAL,1525,6.2,0.5
38101,Ward,ND,AGRICULTURAL,1650,6.1,0.6
31077,Greeley,NE,AGRICULTURAL,1608,6.0,0.0
48331,Milam,TX,AGRICULTURAL,1014,6.0,0.0
31093,Howard,NE,AGRICULTURAL,1474,6.0,0.0
06021,Glenn,CA,AGRICULTURAL,936,5.9,0.0
48015,Austin,TX,AGRICULTURAL,469,5.8,0.0
19047,Crawford,IA,AGRICULTURAL,1828,5.8,5.0
48183,Gregg,TX,AGRICULTURAL,1030,5.8,0.0
41005,Clackamas,OR,AGRICULTURAL,440,5.7,0.0
30107,Wheatland,MT,AGRICULTURAL,1008,5.7,0.0
22007,Assumption,LA,AGRICULTURAL,678,5.7,0.0
29045,Clark,MO,AGRICULTURAL,1530,5.7,0.0
30057,Madison,MT,AGRICULTURAL,726,5.7,0.0
48457,Tyler,TX,AGRICULTURAL,598,5.7,0.0
17193,White,IL,AGRICULTURAL,1302,5.6,0.0
19095,Iowa,IA,AGRICULTURAL,1453,5.6,0.0
20207,Woodson,KS,AGRICULTURAL,1572,5.6,0.0
48263,Kent,TX,AGRICULTURAL,729,5.5,0.0
20165,Rush,KS,AGRICULTURAL,1458,5.5,0.0
19041,Clay,IA,AGRICULTURAL,1566,5.5,2.5
29121,Macon,MO,AGRICULTURAL,1484,5.4,0.0
19107,Keokuk,IA,AGRICULTURAL,1473,5.4,0.0
19051,Davis,IA,AGRICULTURAL,1237,5.3,0.0
56027,Niobrara,WY,AGRICULTURAL,1241,5.3,0.0
46011,Brookings,SD,AGRICULTURAL,1404,5.3,0.0
48247,Jim Hogg,TX,AGRICULTURAL,1235,5.2,0.0
46005,Beadle,SD,AGRICULTURAL,1249,5.2,0.0
31015,Boyd,NE,AGRICULTURAL,1151,5.2,0.0
31181,Webster,NE,AGRICULTURAL,1740,5.1,0.5
38089,Stark,ND,AGRICULTURAL,1350,5.0,0.0
13115,Floyd,GA,AGRICULTURAL,515,5.0,0.0
30055,McCone,MT,AGRICULTURAL,1637,4.9,2.2
04001,Apache,AZ,AGRICULTURAL,691,4.8,0.0
48141,El Paso,TX,AGRICULTURAL,547,4.8,0.0
08125,Yuma,CO,AGRICULTURAL,1294,4.8,0.0
48099,Coryell,TX,AGRICULTURAL,100,4.8,0.0
36069,Ontario,NY,AGRICULTURAL,1648,4.8,4.8
19163,Scott,IA,AGRICULTURAL,1097,4.7,0.0
06025,Imperial,CA,AGRICULTURAL,223,4.7,0.0
19007,Appanoose,IA,AGRICULTURAL,191,4.6,0.0
38037,Grant,ND,AGRICULTURAL,1521,4.6,0.0
19187,Webster,IA,AGRICULTURAL,1711,4.5,1.4
40125,Pottawatomie,OK,AGRICULTURAL,303,4.5,0.0
48103,Crane,TX,AGRICULTURAL,582,4.5,0.0
29195,Saline,MO,AGRICULTURAL,1422,4.5,0.0
48451,Tom Green,TX,AGRICULTURAL,723,4.5,0.0
48475,Ward,TX,AGRICULTURAL,443,4.5,0.0
31099,Kearney,NE,AGRICULTURAL,1787,4.5,2.2
48111,Dallam,TX,AGRICULTURAL,1096,4.5,0.0
48161,Freestone,TX,AGRICULTURAL,40,4.4,0.0
48105,Crockett,TX,AGRICULTURAL,1031,4.4,0.0
48269,King,TX,AGRICULTURAL,684,4.4,0.0
31047,Dawson,NE,AGRICULTURAL,1456,4.4,0.0
27129,Renville,MN,AGRICULTURAL,1489,4.3,0.0
48421,Sherman,TX,AGRICULTURAL,1252,4.3,0.0
48465,Val Verde,TX,AGRICULTURAL,599,4.3,0.0
16011,Bingham,ID,AGRICULTURAL,1059,4.3,0.0
19157,Poweshiek,IA,AGRICULTURAL,1604,4.3,0.5
18049,Fulton,IN,AGRICULTURAL,1334,4.3,0.0
38041,Hettinger,ND,AGRICULTURAL,1492,4.3,0.0
48337,Montague,TX,AGRICULTURAL,259,4.2,0.0
18183,Whitley,IN,AGRICULTURAL,1120,4.2,0.0
29141,Morgan,MO,AGRICULTURAL,121,4.1,0.0
30073,Pondera,MT,AGRICULTURAL,1278,4.1,0.0
19165,Shelby,IA,AGRICULTURAL,1935,4.1,4.1
41063,Wallowa,OR,AGRICULTURAL,73,4.1,0.0
46077,Kingsbury,SD,AGRICULTURAL,1579,4.1,0.0
38029,Emmons,ND,AGRICULTURAL,1430,4.1,0.0
46105,Perkins,SD,AGRICULTURAL,1485,4.0,0.0
46061,Hanson,SD,AGRICULTURAL,1359,4.0,0.0
30065,Musselshell,MT,AGRICULTURAL,1282,4.0,0.0
48311,McMullen,TX,AGRICULTURAL,1203,4.0,0.0
41055,Sherman,OR,AGRICULTURAL,1346,3.9,0.0
27167,Wilkin,MN,AGRICULTURAL,1627,3.9,0.4
38049,McHenry,ND,AGRICULTURAL,1146,3.8,0.0
48143,Erath,TX,AGRICULTURAL,344,3.7,0.0
39175,Wyandot,OH,AGRICULTURAL,941,3.7,0.0
30003,Big Horn,MT,AGRICULTURAL,747,3.7,0.0
48425,Somervell,TX,AGRICULTURAL,299,3.7,0.0
29117,Livingston,MO,AGRICULTURAL,1114,3.6,0.0
29021,Buchanan,MO,AGRICULTURAL,1353,3.6,0.0
36043,Herkimer,NY,AGRICULTURAL,154,3.6,0.0
31143,Polk,NE,AGRICULTURAL,1775,3.6,1.5
46069,Hyde,SD,AGRICULTURAL,1539,3.6,1.6
35039,Rio Arriba,NM,AGRICULTURAL,359,3.6,0.0
01101,Montgomery,AL,AGRICULTURAL,368,3.6,0.0
20173,Sedgwick,KS,AGRICULTURAL,1500,3.5,0.0
27007,Beltrami,MN,AGRICULTURAL,138,3.5,0.0
20189,Stevens,KS,AGRICULTURAL,1594,3.5,0.0
18005,Bartholomew,IN,AGRICULTURAL,857,3.5,0.0
31051,Dixon,NE,AGRICULTURAL,1819,3.5,1.3
30005,Blaine,MT,AGRICULTURAL,1835,3.5,0.2
17175,Stark,IL,AGRICULTURAL,86,3.4,0.0
16033,Clark,ID,AGRICULTURAL,432,3.4,0.0
20107,Linn,KS,AGRICULTURAL,1583,3.4,2.7
55097,Portage,WI,AGRICULTURAL,70,3.4,0.0
17089,Kane,IL,AGRICULTURAL,85,3.4,0.0
31155,Saunders,NE,AGRICULTURAL,1678,3.4,0.6
46021,Campbell,SD,AGRICULTURAL,1276,3.4,0.0
48075,Childress,TX,AGRICULTURAL,767,3.4,0.0
40071,Kay,OK,AGRICULTURAL,1720,3.3,1.3
19021,Buena Vista,IA,AGRICULTURAL,1782,3.3,2.4
48225,Houston,TX,AGRICULTURAL,708,3.3,0.0
48265,Kerr,TX,AGRICULTURAL,255,3.3,0.0
19045,Clinton,IA,AGRICULTURAL,1460,3.3,0.0
20159,Rice,KS,AGRICULTURAL,1178,3.3,2.7
30097,Sweet Grass,MT,AGRICULTURAL,965,3.3,0.0
48181,Grayson,TX,AGRICULTURAL,169,3.2,0.0
17187,Warren,IL,AGRICULTURAL,1725,3.2,3.2
31151,Saline,NE,AGRICULTURAL,1719,3.2,1.6
27113,Pennington,MN,AGRICULTURAL,1391,3.2,0.0
48133,Eastland,TX,AGRICULTURAL,1629,3.2,1.6
19117,Lucas,IA,AGRICULTURAL,1239,3.2,0.0
40153,Woodward,OK,AGRICULTURAL,2017,3.2,2.4
40043,Dewey,OK,AGRICULTURAL,2028,3.1,2.0
27151,Swift,MN,AGRICULTURAL,241,3.1,0.0
40029,Coal,OK,AGRICULTURAL,1259,3.1,0.0
31063,Frontier,NE,AGRICULTURAL,1310,3.1,0.0
30099,Teton,MT,AGRICULTURAL,1251,3.1,0.0
48313,Madison,TX,AGRICULTURAL,4,3.1,0.0
19161,Sac,IA,AGRICULTURAL,1043,3.1,0.0
19175,Union,IA,AGRICULTURAL,1444,3.1,2.7
27131,Rice,MN,AGRICULTURAL,210,3.0,0.0
19135,Monroe,IA,AGRICULTURAL,205,3.0,0.0
29049,Clinton,MO,AGRICULTURAL,219,3.0,0.0
18011,Boone,IN,AGRICULTURAL,1674,3.0,3.0
29063,DeKalb,MO,AGRICULTURAL,222,3.0,0.0
40149,Washita,OK,AGRICULTURAL,1934,2.9,1.8
19147,Palo Alto,IA,AGRICULTURAL,1665,2.9,1.5
46023,Charles Mix,SD,AGRICULTURAL,1591,2.9,0.5
20117,Marshall,KS,AGRICULTURAL,1048,2.9,0.0
46093,Meade,SD,AGRICULTURAL,1384,2.9,0.0
27137,St. Louis,MN,AGRICULTURAL,107,2.9,0.0
48387,Red River,TX,AGRICULTURAL,937,2.8,0.0
18141,St. Joseph,IN,AGRICULTURAL,1285,2.8,0.0
31127,Nemaha,NE,AGRICULTURAL,1393,2.8,0.0
48423,Smith,TX,AGRICULTURAL,511,2.8,0.0
40007,Beaver,OK,AGRICULTURAL,1409,2.8,0.0
31149,Rock,NE,AGRICULTURAL,1716,2.7,2.7
17099,LaSalle,IL,AGRICULTURAL,1488,2.7,0.0
12101,Pasco,FL,AGRICULTURAL,471,2.7,0.0
46043,Douglas,SD,AGRICULTURAL,1517,2.7,0.0
38011,Bowman,ND,AGRICULTURAL,1396,2.7,0.0
20145,Pawnee,KS,AGRICULTURAL,1612,2.7,2.7
20053,Ellsworth,KS,AGRICULTURAL,1652,2.7,2.7
27043,Faribault,MN,AGRICULTURAL,1665,2.7,0.5
45075,Orangeburg,SC,AGRICULTURAL,893,2.7,0.0
36029,Erie,NY,AGRICULTURAL,139,2.7,0.0
48411,San Saba,TX,AGRICULTURAL,1310,2.6,0.0
29097,Jasper,MO,AGRICULTURAL,1864,2.6,2.1
19103,Johnson,IA,AGRICULTURAL,1335,2.6,0.0
29161,Phelps,MO,AGRICULTURAL,164,2.6,0.0
48479,Webb,TX,AGRICULTURAL,1058,2.6,0.0
46053,Gregory,SD,AGRICULTURAL,1881,2.6,2.6
27015,Brown,MN,AGRICULTURAL,1465,2.6,0.0
20129,Morton,KS,AGRICULTURAL,1570,2.5,0.0
38019,Cavalier,ND,AGRICULTURAL,1607,2.5,1.1
29137,Monroe,MO,AGRICULTURAL,1256,2.5,0.0
27063,Jackson,MN,AGRICULTURAL,1237,2.5,2.2
29103,Knox,MO,AGRICULTURAL,204,2.5,0.0
46135,Yankton,SD,AGRICULTURAL,1460,2.5,0.0
40027,Cleveland,OK,AGRICULTURAL,1702,2.5,2.5
20041,Dickinson,KS,AGRICULTURAL,1695,2.5,1.8
20131,Nemaha,KS,AGRICULTURAL,1934,2.5,0.3
40147,Washington,OK,AGRICULTURAL,955,2.5,0.0
48155,Foard,TX,AGRICULTURAL,588,2.4,0.0
48049,Brown,TX,AGRICULTURAL,1252,2.4,0.0
38093,Stutsman,ND,AGRICULTURAL,1496,2.4,0.0
27107,Norman,MN,AGRICULTURAL,1460,2.4,0.0
05015,Carroll,AR,AGRICULTURAL,14,2.4,0.0
48293,Limestone,TX,AGRICULTURAL,824,2.4,0.0
29159,Pettis,MO,AGRICULTURAL,1549,2.4,0.0
27055,Houston,MN,AGRICULTURAL,1033,2.4,0.0
46037,Day,SD,AGRICULTURAL,1637,2.4,0.9
40081,Lincoln,OK,AGRICULTURAL,1784,2.4,0.3
46047,Fall River,SD,AGRICULTURAL,939,2.4,0.0
48081,Coke,TX,AGRICULTURAL,674,2.3,0.0
27067,Kandiyohi,MN,AGRICULTURAL,1565,2.3,0.3
06071,San Bernardino,CA,AGRICULTURAL,691,2.3,0.0
29143,New Madrid,MO,AGRICULTURAL,1240,2.3,0.0
27161,Waseca,MN,AGRICULTURAL,1631,2.3,0.4
29087,Holt,MO,AGRICULTURAL,1271,2.3,0.0
19191,Winneshiek,IA,AGRICULTURAL,1539,2.3,0.5
29111,Lewis,MO,AGRICULTURAL,73,2.3,0.0
40121,Pittsburg,OK,AGRICULTURAL,926,2.3,0.0
48483,Wheeler,TX,AGRICULTURAL,1086,2.3,0.0
38053,McKenzie,ND,AGRICULTURAL,1559,2.3,0.0
48235,Irion,TX,AGRICULTURAL,885,2.3,0.0
29047,Clay,MO,AGRICULTURAL,1541,2.3,0.0
18127,Porter,IN,AGRICULTURAL,1626,2.3,2.3
31089,Holt,NE,AGRICULTURAL,1673,2.2,1.7
48447,Throckmorton,TX,AGRICULTURAL,1504,2.2,0.0
06067,Sacramento,CA,AGRICULTURAL,172,2.2,0.0
48101,Cottle,TX,AGRICULTURAL,578,2.2,0.0
31111,Lincoln,NE,AGRICULTURAL,902,2.2,0.0
31013,Box Butte,NE,AGRICULTURAL,1230,2.2,0.0
38069,Pierce,ND,AGRICULTURAL,1252,2.2,0.0
38091,Steele,ND,AGRICULTURAL,1396,2.2,0.0
40139,Texas,OK,AGRICULTURAL,1151,2.2,0.0
30109,Wibaux,MT,AGRICULTURAL,1598,2.2,0.0
31145,Red Willow,NE,AGRICULTURAL,1180,2.2,0.0
48487,Wilbarger,TX,AGRICULTURAL,655,2.2,0.0
55025,Dane,WI,AGRICULTURAL,1643,2.2,1.1
48027,Bell,TX,AGRICULTURAL,1307,2.1,0.0
38021,Dickey,ND,AGRICULTURAL,1212,2.1,0.0
19193,Woodbury,IA,AGRICULTURAL,1853,2.1,1.4
31131,Otoe,NE,AGRICULTURAL,1678,2.1,1.6
27069,Kittson,MN,AGRICULTURAL,1245,2.1,0.0
48503,Young,TX,AGRICULTURAL,1562,2.1,0.0
48117,Deaf Smith,TX,AGRICULTURAL,1085,2.1,0.0
39039,Defiance,OH,AGRICULTURAL,1364,2.1,0.0
48489,Willacy,TX,AGRICULTURAL,666,2.1,0.0
08103,Rio Blanco,CO,AGRICULTURAL,36,2.1,0.0
19195,Worth,IA,AGRICULTURAL,1541,2.1,0.0
31171,Thomas,NE,AGRICULTURAL,1429,2.1,0.0
47097,Lauderdale,TN,AGRICULTURAL,1291,2.1,0.0
40077,Latimer,OK,AGRICULTURAL,1323,2.1,0.0
40039,Custer,OK,AGRICULTURAL,1817,2.1,1.1
38009,Bottineau,ND,AGRICULTURAL,1337,2.1,0.0
40051,Grady,OK,AGRICULTURAL,1480,2.1,0.0
27097,Morrison,MN,AGRICULTURAL,1081,2.1,0.0
53039,Klickitat,WA,AGRICULTURAL,981,2.1,0.0
27159,Wadena,MN,AGRICULTURAL,1320,2.1,0.0
27025,Chisago,MN,AGRICULTURAL,66,2.1,0.0
48237,Jack,TX,AGRICULTURAL,1476,2.0,0.0
53017,Douglas,WA,AGRICULTURAL,815,2.0,0.0
17189,Washington,IL,AGRICULTURAL,1446,2.0,0.0
40097,Mayes,OK,AGRICULTURAL,1462,2.0,0.0
51001,Accomack,VA,AGRICULTURAL,1603,2.0,0.0
27089,Marshall,MN,AGRICULTURAL,1367,2.0,0.0
01013,Butler,AL,AGRICULTURAL,751,2.0,0.0
18075,Jay,IN,AGRICULTURAL,1574,2.0,0.0
27081,Lincoln,MN,AGRICULTURAL,1698,2.0,2.0
19011,Benton,IA,AGRICULTURAL,1462,2.0,0.0
18055,Greene,IN,AGRICULTURAL,1155,2.0,0.0
04017,Navajo,AZ,AGRICULTURAL,137,2.0,0.0
18039,Elkhart,IN,AGRICULTURAL,1422,2.0,0.0
31157,Scotts Bluff,NE,AGRICULTURAL,808,1.9,0.0
38057,Mercer,ND,AGRICULTURAL,1376,1.9,0.0
40053,Grant,OK,AGRICULTURAL,1520,1.9,0.0
18095,Madison,IN,AGRICULTURAL,1463,1.9,0.0
38097,Traill,ND,AGRICULTURAL,1326,1.9,0.0
18111,Newton,IN,AGRICULTURAL,1421,1.9,0.0
36051,Livingston,NY,AGRICULTURAL,103,1.9,0.0
18131,Pulaski,IN,AGRICULTURAL,1359,1.9,0.0
18091,LaPorte,IN,AGRICULTURAL,1345,1.9,0.0
13091,Dodge,GA,AGRICULTURAL,491,1.8,0.0
48501,Yoakum,TX,AGRICULTURAL,1180,1.8,0.0
48251,Johnson,TX,AGRICULTURAL,1468,1.8,0.0
08023,Costilla,CO,AGRICULTURAL,534,1.8,0.0
20031,Coffey,KS,AGRICULTURAL,1468,1.8,1.7
46083,Lincoln,SD,AGRICULTURAL,1412,1.8,0.0
41037,Lake,OR,AGRICULTURAL,453,1.8,0.0
30045,Judith Basin,MT,AGRICULTURAL,1547,1.8,0.0
40091,McIntosh,OK,AGRICULTURAL,725,1.8,0.0
27111,Otter Tail,MN,AGRICULTURAL,1266,1.8,0.3
20155,Reno,KS,AGRICULTURAL,247,1.8,0.0
08021,Conejos,CO,AGRICULTURAL,129,1.8,0.0
47175,Van Buren,TN,AGRICULTURAL,1125,1.8,0.0
30051,Liberty,MT,AGRICULTURAL,1315,1.8,0.0
39045,Fairfield,OH,AGRICULTURAL,965,1.7,0.0
20005,Atchison,KS,AGRICULTURAL,1193,1.7,0.0
17039,De Witt,IL,AGRICULTURAL,1449,1.7,0.0
48171,Gillespie,TX,AGRICULTURAL,1622,1.7,1.6
48207,Haskell,TX,AGRICULTURAL,624,1.7,0.0
19181,Warren,IA,AGRICULTURAL,598,1.7,0.0
51093,Isle of Wight,VA,AGRICULTURAL,1093,1.7,0.0
27011,Big Stone,MN,AGRICULTURAL,1467,1.7,0.0
20147,Phillips,KS,AGRICULTURAL,1030,1.7,0.0
48097,Cooke,TX,AGRICULTURAL,1371,1.7,0.0
13175,Laurens,GA,AGRICULTURAL,715,1.7,0.0
48437,Swisher,TX,AGRICULTURAL,1358,1.7,0.0
31173,Thurston,NE,AGRICULTURAL,1876,1.7,1.7
29033,Carroll,MO,AGRICULTURAL,1409,1.7,0.0
20103,Leavenworth,KS,AGRICULTURAL,283,1.6,0.0
48461,Upton,TX,AGRICULTURAL,471,1.6,0.0
20163,Rooks,KS,AGRICULTURAL,1363,1.6,0.0
31121,Merrick,NE,AGRICULTURAL,1430,1.6,0.0
48335,Mitchell,TX,AGRICULTURAL,736,1.6,0.0
40151,Woods,OK,AGRICULTURAL,1727,1.6,0.5
20073,Greenwood,KS,AGRICULTURAL,1291,1.6,0.0
48281,Lampasas,TX,AGRICULTURAL,922,1.6,0.0
17197,Will,IL,AGRICULTURAL,1529,1.6,0.3
17111,McHenry,IL,AGRICULTURAL,110,1.6,0.0
48069,Castro,TX,AGRICULTURAL,1251,1.6,0.0
46115,Spink,SD,AGRICULTURAL,1241,1.6,0.0
36045,Jefferson,NY,AGRICULTURAL,1473,1.6,0.0
38077,Richland,ND,AGRICULTURAL,1425,1.5,0.0
48003,Andrews,TX,AGRICULTURAL,753,1.5,0.0
20089,Jewell,KS,AGRICULTURAL,1725,1.5,1.5
48493,Wilson,TX,AGRICULTURAL,728,1.5,0.0
46039,Deuel,SD,AGRICULTURAL,1644,1.5,1.5
04027,Yuma,AZ,AGRICULTURAL,18,1.5,0.0
27013,Blue Earth,MN,AGRICULTURAL,1628,1.5,0.3
48191,Hall,TX,AGRICULTURAL,420,1.5,0.0
46099,Minnehaha,SD,AGRICULTURAL,1562,1.5,0.0
48173,Glasscock,TX,AGRICULTURAL,659,1.5,0.0
17067,Hancock,IL,AGRICULTURAL,1424,1.5,0.0
19013,Black Hawk,IA,AGRICULTURAL,1426,1.5,0.5
21101,Henderson,KY,AGRICULTURAL,1133,1.5,0.0
31061,Franklin,NE,AGRICULTURAL,141,1.5,0.0
30019,Daniels,MT,AGRICULTURAL,1460,1.5,0.0
27077,Lake of the Woods,MN,AGRICULTURAL,970,1.5,0.0
30039,Granite,MT,AGRICULTURAL,498,1.5,0.0
24015,Cecil,MD,AGRICULTURAL,1031,1.5,0.0
20201,Washington,KS,AGRICULTURAL,1569,1.5,0.0
19177,Van Buren,IA,AGRICULTURAL,889,1.5,0.0
24023,Garrett,MD,AGRICULTURAL,94,1.4,0.0
46097,Miner,SD,AGRICULTURAL,1458,1.4,0.0
20139,Osage,KS,AGRICULTURAL,156,1.4,0.0
17139,Moultrie,IL,AGRICULTURAL,1380,1.4,0.0
47095,Lake,TN,AGRICULTURAL,1320,1.4,0.0
22039,Evangeline,LA,AGRICULTURAL,943,1.4,0.0
12063,Jackson,FL,AGRICULTURAL,461,1.4,0.0
19121,Madison,IA,AGRICULTURAL,1354,1.4,0.0
48107,Crosby,TX,AGRICULTURAL,777,1.4,0.0
21059,Daviess,KY,AGRICULTURAL,1151,1.4,0.0
27083,Lyon,MN,AGRICULTURAL,1434,1.4,0.0
27105,Nobles,MN,AGRICULTURAL,1744,1.3,0.3
19155,Pottawattamie,IA,AGRICULTURAL,1086,1.3,0.5
48071,Chambers,TX,AGRICULTURAL,1061,1.3,0.0
38099,Walsh,ND,AGRICULTURAL,1783,1.3,0.5
46051,Grant,SD,AGRICULTURAL,1239,1.3,0.0
48353,Nolan,TX,AGRICULTURAL,1068,1.3,0.0
48299,Llano,TX,AGRICULTURAL,555,1.3,0.0
31041,Custer,NE,AGRICULTURAL,1621,1.3,0.5
27121,Pope,MN,AGRICULTURAL,1090,1.3,0.0
18133,Putnam,IN,AGRICULTURAL,879,1.3,0.0
13033,Burke,GA,AGRICULTURAL,662,1.3,0.0
22035,East Carroll,LA,AGRICULTURAL,1109,1.3,0.0
20001,Allen,KS,AGRICULTURAL,280,1.3,0.0
38063,Nelson,ND,AGRICULTURAL,882,1.3,0.0
26067,Ionia,MI,AGRICULTURAL,1511,1.3,0.0
51029,Buckingham,VA,AGRICULTURAL,400,1.3,0.0
37061,Duplin,NC,AGRICULTURAL,924,1.3,0.0
31009,Blaine,NE,AGRICULTURAL,1297,1.3,0.0
48413,Schleicher,TX,AGRICULTURAL,834,1.2,0.0
05087,Madison,AR,AGRICULTURAL,1396,1.2,0.0
38059,Morton,ND,AGRICULTURAL,1256,1.2,0.0
38033,Golden Valley,ND,AGRICULTURAL,1585,1.2,0.0
48209,Hays,TX,AGRICULTURAL,1574,1.2,0.0
18159,Tipton,IN,AGRICULTURAL,166,1.2,0.0
49003,Box Elder,UT,AGRICULTURAL,147,1.2,0.0
46045,Edmunds,SD,AGRICULTURAL,1301,1.2,0.0
18017,Cass,IN,AGRICULTURAL,1216,1.2,0.0
16069,Nez Perce,ID,AGRICULTURAL,780,1.2,0.0
22123,West Carroll,LA,AGRICULTURAL,1080,1.2,0.0
21031,Butler,KY,AGRICULTURAL,1123,1.2,0.0
26021,Berrien,MI,AGRICULTURAL,1263,1.2,0.0
48309,McLennan,TX,AGRICULTURAL,1157,1.2,0.0
16073,Owyhee,ID,AGRICULTURAL,489,1.2,0.0
48295,Lipscomb,TX,AGRICULTURAL,1498,1.2,0.0
19145,Page,IA,AGRICULTURAL,90,1.1,0.0
48091,Comal,TX,AGRICULTURAL,92,1.1,0.0
18153,Sullivan,IN,AGRICULTURAL,113,1.1,0.0
22023,Cameron,LA,AGRICULTURAL,752,1.1,0.0
40025,Cimarron,OK,AGRICULTURAL,1061,1.1,0.0
48305,Lynn,TX,AGRICULTURAL,1281,1.1,0.0
48445,Terry,TX,AGRICULTURAL,1031,1.1,0.0
26139,Ottawa,MI,AGRICULTURAL,1250,1.1,0.0
48417,Shackelford,TX,AGRICULTURAL,1378,1.1,0.0
27117,Pipestone,MN,AGRICULTURAL,1687,1.1,1.1
48033,Borden,TX,AGRICULTURAL,816,1.1,0.0
45003,Aiken,SC,AGRICULTURAL,676,1.1,0.0
38067,Pembina,ND,AGRICULTURAL,1107,1.1,0.0
38023,Divide,ND,AGRICULTURAL,1238,1.1,0.0
18059,Hancock,IN,AGRICULTURAL,104,1.1,0.0
40003,Alfalfa,OK,AGRICULTURAL,1234,1.1,0.0
38013,Burke,ND,AGRICULTURAL,1389,1.1,0.0
30033,Garfield,MT,AGRICULTURAL,1284,1.1,0.0
31119,Madison,NE,AGRICULTURAL,1504,1.1,0.0
27021,Cass,MN,AGRICULTURAL,1303,1.1,0.0
40141,Tillman,OK,AGRICULTURAL,1269,1.1,0.0
46101,Moody,SD,AGRICULTURAL,1230,1.1,0.0
40137,Stephens,OK,AGRICULTURAL,1557,1.1,0.0
17195,Whiteside,IL,AGRICULTURAL,1056,1.1,0.0
29149,Oregon,MO,AGRICULTURAL,757,1.0,0.0
31079,Hall,NE,AGRICULTURAL,1576,1.0,0.0
38061,Mountrail,ND,AGRICULTURAL,1391,1.0,0.0
29163,Pike,MO,AGRICULTURAL,1541,1.0,0.0
48419,Shelby,TX,AGRICULTURAL,523,1.0,0.0
27171,Wright,MN,AGRICULTURAL,1310,1.0,0.0
19159,Ringgold,IA,AGRICULTURAL,1553,1.0,0.0
48219,Hockley,TX,AGRICULTURAL,1205,1.0,0.0
27149,Stevens,MN,AGRICULTURAL,1538,1.0,0.0
19151,Pocahontas,IA,AGRICULTURAL,1846,1.0,1.0
13043,Candler,GA,AGRICULTURAL,822,1.0,0.0
29207,Stoddard,MO,AGRICULTURAL,1103,1.0,0.0
19071,Fremont,IA,AGRICULTURAL,1410,1.0,0.0
40073,Kingfisher,OK,AGRICULTURAL,1697,1.0,1.0
48307,McCulloch,TX,AGRICULTURAL,1526,1.0,0.0
30017,Custer,MT,AGRICULTURAL,1263,0.9,0.0
19101,Jefferson,IA,AGRICULTURAL,1622,0.9,0.5
18175,Washington,IN,AGRICULTURAL,1,0.9,0.0
19183,Washington,IA,AGRICULTURAL,1626,0.9,0.9
35035,Otero,NM,AGRICULTURAL,239,0.9,0.0
19083,Hardin,IA,AGRICULTURAL,1440,0.9,0.5
31135,Perkins,NE,AGRICULTURAL,216,0.9,0.0
06065,Riverside,CA,AGRICULTURAL,1428,0.9,0.0
20093,Kearny,KS,AGRICULTURAL,1294,0.9,0.0
38083,Sheridan,ND,AGRICULTURAL,1499,0.9,0.0
29031,Cape Girardeau,MO,AGRICULTURAL,1046,0.9,0.0
19039,Clarke,IA,AGRICULTURAL,1777,0.9,0.9
27079,Le Sueur,MN,AGRICULTURAL,1433,0.9,0.0
27035,Crow Wing,MN,AGRICULTURAL,98,0.9,0.0
55065,Lafayette,WI,AGRICULTURAL,1257,0.9,0.0
27173,Yellow Medicine,MN,AGRICULTURAL,1491,0.9,0.0
29113,Lincoln,MO,AGRICULTURAL,807,0.9,0.0
48497,Wise,TX,AGRICULTURAL,839,0.9,0.0
19077,Guthrie,IA,AGRICULTURAL,1317,0.9,0.0
48253,Jones,TX,AGRICULTURAL,744,0.9,0.0
39057,Greene,OH,AGRICULTURAL,1014,0.9,0.0
40099,Murray,OK,AGRICULTURAL,1119,0.9,0.0
29211,Sullivan,MO,AGRICULTURAL,1420,0.9,0.0
48217,Hill,TX,AGRICULTURAL,1227,0.9,0.0
32007,Elko,NV,AGRICULTURAL,786,0.9,0.0
29003,Andrew,MO,AGRICULTURAL,9,0.9,0.0
48231,Hunt,TX,AGRICULTURAL,143,0.9,0.0
40041,Delaware,OK,AGRICULTURAL,1777,0.9,0.7
16027,Canyon,ID,AGRICULTURAL,944,0.9,0.0
22067,Morehouse,LA,AGRICULTURAL,1024,0.9,0.0
29109,Lawrence,MO,AGRICULTURAL,284,0.9,0.0
21167,Mercer,KY,AGRICULTURAL,1279,0.9,0.0
48177,Gonzales,TX,AGRICULTURAL,682,0.9,0.0
19109,Kossuth,IA,AGRICULTURAL,1333,0.8,0.5
18099,Marshall,IN,AGRICULTURAL,1103,0.8,0.0
48085,Collin,TX,AGRICULTURAL,1325,0.8,0.0
29105,Laclede,MO,AGRICULTURAL,1469,0.8,0.0
48001,Anderson,TX,AGRICULTURAL,771,0.8,0.0
27029,Clearwater,MN,AGRICULTURAL,1249,0.8,0.0
46109,Roberts,SD,AGRICULTURAL,143,0.8,0.0
48137,Edwards,TX,AGRICULTURAL,1467,0.8,0.7
17045,Edgar,IL,AGRICULTURAL,1580,0.8,0.4
20183,Smith,KS,AGRICULTURAL,1367,0.8,0.0
47077,Henderson,TN,AGRICULTURAL,903,0.8,0.0
48499,Wood,TX,AGRICULTURAL,847,0.8,0.0
48053,Burnet,TX,AGRICULTURAL,1510,0.8,0.5
48485,Wichita,TX,AGRICULTURAL,824,0.8,0.3
17145,Perry,IL,AGRICULTURAL,1345,0.8,0.0
42039,Crawford,PA,AGRICULTURAL,1216,0.8,0.0
18169,Wabash,IN,AGRICULTURAL,1605,0.8,0.0
51083,Halifax,VA,AGRICULTURAL,725,0.8,0.0
38035,Grand Forks,ND,AGRICULTURAL,1327,0.8,0.0
28075,Lauderdale,MS,AGRICULTURAL,689,0.8,0.0
39005,Ashland,OH,AGRICULTURAL,874,0.8,0.0
19019,Buchanan,IA,AGRICULTURAL,1240,0.8,0.0
06037,Los Angeles,CA,AGRICULTURAL,762,0.8,0.0
19099,Jasper,IA,AGRICULTURAL,1051,0.8,0.0
45049,Hampton,SC,AGRICULTURAL,771,0.8,0.0
31113,Logan,NE,AGRICULTURAL,1329,0.7,0.0
19149,Plymouth,IA,AGRICULTURAL,1290,0.7,0.0
21045,Casey,KY,AGRICULTURAL,1029,0.7,0.0
20017,Chase,KS,AGRICULTURAL,1533,0.7,0.0
31177,Washington,NE,AGRICULTURAL,1718,0.7,0.7
55039,Fond du Lac,WI,AGRICULTURAL,689,0.7,0.0
21209,Scott,KY,AGRICULTURAL,1317,0.7,0.0
47099,Lawrence,TN,AGRICULTURAL,789,0.7,0.0
55027,Dodge,WI,AGRICULTURAL,1507,0.7,0.0
17203,Woodford,IL,AGRICULTURAL,1712,0.7,0.7
21047,Christian,KY,AGRICULTURAL,1034,0.7,0.0
17011,Bureau,IL,AGRICULTURAL,1352,0.7,0.0
48443,Terrell,TX,AGRICULTURAL,466,0.7,0.0
46009,Bon Homme,SD,AGRICULTURAL,1573,0.7,0.0
18181,White,IN,AGRICULTURAL,1454,0.7,0.0
21097,Harrison,KY,AGRICULTURAL,1133,0.7,0.0
48013,Atascosa,TX,AGRICULTURAL,1018,0.7,0.0
17071,Henderson,IL,AGRICULTURAL,108,0.7,0.0
37155,Robeson,NC,AGRICULTURAL,967,0.7,0.0
46013,Brown,SD,AGRICULTURAL,1361,0.7,0.0
37127,Nash,NC,AGRICULTURAL,812,0.7,0.0
20195,Trego,KS,AGRICULTURAL,1567,0.7,0.0
20023,Cheyenne,KS,AGRICULTURAL,1156,0.7,0.0
20171,Scott,KS,AGRICULTURAL,1466,0.7,0.0
27125,Red Lake,MN,AGRICULTURAL,1106,0.7,0.0
20059,Franklin,KS,AGRICULTURAL,1240,0.7,0.0
20045,Douglas,KS,AGRICULTURAL,271,0.7,0.0
27127,Redwood,MN,AGRICULTURAL,1543,0.7,0.0
48325,Medina,TX,AGRICULTURAL,532,0.7,0.0
51025,Brunswick,VA,AGRICULTURAL,780,0.6,0.0
21009,Barren,KY,AGRICULTURAL,961,0.6,0.0
55029,Door,WI,AGRICULTURAL,1701,0.6,0.4
12075,Levy,FL,AGRICULTURAL,558,0.6,0.0
42129,Westmoreland,PA,AGRICULTURAL,146,0.6,0.0
21141,Logan,KY,AGRICULTURAL,1142,0.6,0.0
29225,Webster,MO,AGRICULTURAL,216,0.6,0.0
27057,Hubbard,MN,AGRICULTURAL,1321,0.6,0.0
47047,Fayette,TN,AGRICULTURAL,1227,0.6,0.0
40049,Garvin,OK,AGRICULTURAL,1350,0.6,0.0
55127,Walworth,WI,AGRICULTURAL,1243,0.6,0.0
20069,Gray,KS,AGRICULTURAL,1543,0.6,0.0
26027,Cass,MI,AGRICULTURAL,1375,0.6,0.0
17153,Pulaski,IL,AGRICULTURAL,19,0.6,0.0
18179,Wells,IN,AGRICULTURAL,1429,0.6,0.0
17035,Cumberland,IL,AGRICULTURAL,1393,0.6,0.0
30091,Sheridan,MT,AGRICULTURAL,766,0.6,0.0
20015,Butler,KS,AGRICULTURAL,1955,0.6,0.6
20149,Pottawatomie,KS,AGRICULTURAL,1121,0.6,0.0
27091,Martin,MN,AGRICULTURAL,1725,0.6,0.6
48017,Bailey,TX,AGRICULTURAL,955,0.6,0.0
31169,Thayer,NE,AGRICULTURAL,1612,0.6,0.6
48327,Menard,TX,AGRICULTURAL,409,0.6,0.0
34019,Hunterdon,NJ,AGRICULTURAL,79,0.6,0.0
55069,Lincoln,WI,AGRICULTURAL,1206,0.6,0.0
40055,Greer,OK,AGRICULTURAL,1629,0.6,0.3
56031,Platte,WY,AGRICULTURAL,985,0.6,0.0
29183,St. Charles,MO,AGRICULTURAL,821,0.5,0.0
27087,Mahnomen,MN,AGRICULTURAL,1356,0.5,0.0
06107,Tulare,CA,AGRICULTURAL,13,0.5,0.0
31095,Jefferson,NE,AGRICULTURAL,1531,0.5,0.0
30037,Golden Valley,MT,AGRICULTURAL,1000,0.5,0.0
31059,Fillmore,NE,AGRICULTURAL,1581,0.5,0.0
29081,Harrison,MO,AGRICULTURAL,154,0.5,0.0
39011,Auglaize,OH,AGRICULTURAL,1554,0.5,0.0
31129,Nuckolls,NE,AGRICULTURAL,1558,0.5,0.0
27017,Carlton,MN,AGRICULTURAL,827,0.5,0.0
39161,Van Wert,OH,AGRICULTURAL,1382,0.5,0.0
48169,Garza,TX,AGRICULTURAL,1074,0.5,0.0
48367,Parker,TX,AGRICULTURAL,1020,0.5,0.0
36099,Seneca,NY,AGRICULTURAL,71,0.5,0.0
24045,Wicomico,MD,AGRICULTURAL,1379,0.5,0.0
18149,Starke,IN,AGRICULTURAL,1331,0.5,0.0
48339,Montgomery,TX,AGRICULTURAL,496,0.5,0.0
39037,Darke,OH,AGRICULTURAL,1479,0.5,0.0
06113,Yolo,CA,AGRICULTURAL,314,0.5,0.0
45019,Charleston,SC,AGRICULTURAL,40,0.5,0.0
28081,Lee,MS,AGRICULTURAL,596,0.5,0.0
19115,Louisa,IA,AGRICULTURAL,977,0.5,0.0
56035,Sublette,WY,AGRICULTURAL,215,0.5,0.0
55059,Kenosha,WI,AGRICULTURAL,168,0.5,0.0
20177,Shawnee,KS,AGRICULTURAL,78,0.5,0.0
19137,Montgomery,IA,AGRICULTURAL,1656,0.5,0.5
19123,Mahaska,IA,AGRICULTURAL,1204,0.5,0.0
19129,Mills,IA,AGRICULTURAL,1431,0.5,0.0
19009,Audubon,IA,AGRICULTURAL,1750,0.5,0.5
42029,Chester,PA,AGRICULTURAL,1253,0.5,0.0
27049,Goodhue,MN,AGRICULTURAL,1295,0.5,0.0
19139,Muscatine,IA,AGRICULTURAL,1427,0.5,0.0
08105,Rio Grande,CO,AGRICULTURAL,329,0.5,0.0
28011,Bolivar,MS,AGRICULTURAL,1164,0.5,0.0
19111,Lee,IA,AGRICULTURAL,121,0.5,0.0
48131,Duval,TX,AGRICULTURAL,1068,0.5,0.0
26119,Montmorency,MI,AGRICULTURAL,19,0.5,0.0
30079,Prairie,MT,AGRICULTURAL,1003,0.5,0.0
51193,Westmoreland,VA,AGRICULTURAL,1149,0.5,0.0
48203,Harrison,TX,AGRICULTURAL,999,0.5,0.0
40021,Cherokee,OK,AGRICULTURAL,85,0.5,0.0
19143,Osceola,IA,AGRICULTURAL,1743,0.5,0.5
19073,Greene,IA,AGRICULTURAL,1444,0.5,0.0
55087,Outagamie,WI,AGRICULTURAL,132,0.5,0.0
19075,Grundy,IA,AGRICULTURAL,1508,0.5,0.0
19031,Cedar,IA,AGRICULTURAL,1352,0.5,0.0
19171,Tama,IA,AGRICULTURAL,1311,0.5,0.0
39173,Wood,OH,AGRICULTURAL,1045,0.5,0.0
18051,Gibson,IN,AGRICULTURAL,1277,0.5,0.0
19035,Cherokee,IA,AGRICULTURAL,1785,0.5,0.5
26157,Tuscola,MI,AGRICULTURAL,23,0.5,0.0
31029,Chase,NE,AGRICULTURAL,1240,0.5,0.0
42041,Cumberland,PA,AGRICULTURAL,289,0.5,0.0
51135,Nottoway,VA,AGRICULTURAL,1013,0.5,0.0
48223,Hopkins,TX,AGRICULTURAL,108,0.4,0.0
46031,Corson,SD,AGRICULTURAL,1700,0.4,0.4
08087,Morgan,CO,AGRICULTURAL,385,0.4,0.0
39097,Madison,OH,AGRICULTURAL,1102,0.4,0.0
19059,Dickinson,IA,AGRICULTURAL,1551,0.4,0.0
47059,Greene,TN,AGRICULTURAL,529,0.4,0.0
29015,Benton,MO,AGRICULTURAL,132,0.4,0.0
35013,Doña Ana,NM,AGRICULTURAL,202,0.4,0.0
08067,La Plata,CO,AGRICULTURAL,397,0.4,0.0
20019,Chautauqua,KS,AGRICULTURAL,55,0.4,0.0
08041,El Paso,CO,AGRICULTURAL,681,0.4,0.0
40019,Carter,OK,AGRICULTURAL,1515,0.4,0.0
51099,King George,VA,AGRICULTURAL,644,0.4,0.0
48441,Taylor,TX,AGRICULTURAL,137,0.4,0.0
29061,Daviess,MO,AGRICULTURAL,159,0.4,0.0
17001,Adams,IL,AGRICULTURAL,1633,0.4,0.4
48009,Archer,TX,AGRICULTURAL,1531,0.4,0.0
55131,Washington,WI,AGRICULTURAL,168,0.4,0.0
39051,Fulton,OH,AGRICULTURAL,1346,0.4,0.0
17019,Champaign,IL,AGRICULTURAL,1379,0.4,0.0
18145,Shelby,IN,AGRICULTURAL,51,0.4,0.0
17129,Menard,IL,AGRICULTURAL,1603,0.4,0.0
51037,Charlotte,VA,AGRICULTURAL,702,0.4,0.0
19179,Wapello,IA,AGRICULTURAL,191,0.4,0.0
46081,Lawrence,SD,AGRICULTURAL,1589,0.4,0.0
55137,Waushara,WI,AGRICULTURAL,24,0.4,0.0
17141,Ogle,IL,AGRICULTURAL,1702,0.4,0.4
55141,Wood,WI,AGRICULTURAL,55,0.4,0.0
51117,Mecklenburg,VA,AGRICULTURAL,783,0.4,0.0
55057,Juneau,WI,AGRICULTURAL,31,0.4,0.0
18097,Marion,IN,AGRICULTURAL,100,0.4,0.0
31043,Dakota,NE,AGRICULTURAL,242,0.4,0.0
55083,Oconto,WI,AGRICULTURAL,60,0.4,0.0
48495,Winkler,TX,AGRICULTURAL,279,0.4,0.0
30083,Richland,MT,AGRICULTURAL,537,0.4,0.0
30069,Petroleum,MT,AGRICULTURAL,1140,0.4,0.0
55119,Taylor,WI,AGRICULTURAL,113,0.4,0.0
27095,Mille Lacs,MN,AGRICULTURAL,43,0.4,0.0
55063,La Crosse,WI,AGRICULTURAL,911,0.4,0.0
30001,Beaverhead,MT,AGRICULTURAL,295,0.4,0.0
30013,Cascade,MT,AGRICULTURAL,1553,0.4,0.0
55033,Dunn,WI,AGRICULTURAL,1121,0.4,0.0
29155,Pemiscot,MO,AGRICULTURAL,1404,0.4,0.0
31109,Lancaster,NE,AGRICULTURAL,284,0.4,0.0
30047,Lake,MT,AGRICULTURAL,192,0.4,0.0
20113,McPherson,KS,AGRICULTURAL,305,0.4,0.0
55135,Waupaca,WI,AGRICULTURAL,1230,0.4,0.0
17041,Douglas,IL,AGRICULTURAL,1416,0.4,0.0
55047,Green Lake,WI,AGRICULTURAL,1680,0.4,0.4
48277,Lamar,TX,AGRICULTURAL,140,0.4,0.0
26141,Presque Isle,MI,AGRICULTURAL,229,0.4,0.0
39073,Hocking,OH,AGRICULTURAL,6,0.4,0.0
39025,Clermont,OH,AGRICULTURAL,18,0.4,0.0
17057,Fulton,IL,AGRICULTURAL,1706,0.3,0.3
20051,Ellis,KS,AGRICULTURAL,1615,0.3,0.2
34015,Gloucester,NJ,AGRICULTURAL,1151,0.3,0.0
17117,Macoupin,IL,AGRICULTURAL,154,0.3,0.0
17171,Scott,IL,AGRICULTURAL,87,0.3,0.0
55105,Rock,WI,AGRICULTURAL,1580,0.3,0.0
55049,Iowa,WI,AGRICULTURAL,1744,0.3,0.3
34011,Cumberland,NJ,AGRICULTURAL,1247,0.3,0.0
28161,Yalobusha,MS,AGRICULTURAL,6,0.3,0.0
35015,Eddy,NM,AGRICULTURAL,120,0.3,0.0
48121,Denton,TX,AGRICULTURAL,962,0.3,0.0
22041,Franklin,LA,AGRICULTURAL,1021,0.3,0.0
31075,Grant,NE,AGRICULTURAL,272,0.3,0.0
26073,Isabella,MI,AGRICULTURAL,1376,0.3,0.0
26057,Gratiot,MI,AGRICULTURAL,1565,0.3,0.0
20057,Ford,KS,AGRICULTURAL,155,0.3,0.0
26039,Crawford,MI,AGRICULTURAL,69,0.3,0.0
29001,Adair,MO,AGRICULTURAL,148,0.3,0.0
55107,Rusk,WI,AGRICULTURAL,4,0.3,0.0
26091,Lenawee,MI,AGRICULTURAL,1356,0.3,0.0
26033,Chippewa,MI,AGRICULTURAL,1119,0.3,0.0
29053,Cooper,MO,AGRICULTURAL,169,0.3,0.0
18023,Clinton,IN,AGRICULTURAL,48,0.3,0.0
48151,Fisher,TX,AGRICULTURAL,46,0.3,0.0
47033,Crockett,TN,AGRICULTURAL,72,0.3,0.0
26107,Mecosta,MI,AGRICULTURAL,1609,0.3,0.3
55009,Brown,WI,AGRICULTURAL,143,0.3,0.0
49027,Millard,UT,AGRICULTURAL,599,0.3,0.0
39123,Ottawa,OH,AGRICULTURAL,1435,0.3,0.0
48021,Bastrop,TX,AGRICULTURAL,586,0.3,0.0
40001,Adair,OK,AGRICULTURAL,128,0.3,0.0
38079,Rolette,ND,AGRICULTURAL,1131,0.3,0.0
40107,Okfuskee,OK,AGRICULTURAL,241,0.3,0.0
20111,Lyon,KS,AGRICULTURAL,57,0.3,0.0
39107,Mercer,OH,AGRICULTURAL,1543,0.3,0.0
29135,Moniteau,MO,AGRICULTURAL,0,0.3,0.0
26041,Delta,MI,AGRICULTURAL,20,0.3,0.0
29197,Schuyler,MO,AGRICULTURAL,1808,0.3,0.3
39117,Morrow,OH,AGRICULTURAL,1155,0.3,0.0
40035,Craig,OK,AGRICULTURAL,274,0.3,0.0
48189,Hale,TX,AGRICULTURAL,1368,0.3,0.0
39083,Knox,OH,AGRICULTURAL,998,0.3,0.0
40095,Marshall,OK,AGRICULTURAL,125,0.3,0.0
48179,Gray,TX,AGRICULTURAL,1743,0.3,0.3
39149,Shelby,OH,AGRICULTURAL,1393,0.3,0.0
29089,Howard,MO,AGRICULTURAL,47,0.3,0.0
27045,Fillmore,MN,AGRICULTURAL,1674,0.3,0.3
29025,Caldwell,MO,AGRICULTURAL,1701,0.3,0.3
39153,Summit,OH,AGRICULTURAL,1111,0.3,0.0
40005,Atoka,OK,AGRICULTURAL,60,0.3,0.0
40063,Hughes,OK,AGRICULTURAL,78,0.3,0.0
40065,Jackson,OK,AGRICULTURAL,1301,0.3,0.0
27001,Aitkin,MN,AGRICULTURAL,54,0.3,0.0
27061,Itasca,MN,AGRICULTURAL,118,0.3,0.0
27109,Olmsted,MN,AGRICULTURAL,126,0.3,0.0
48059,Callahan,TX,AGRICULTURAL,1072,0.3,0.0
27153,Todd,MN,AGRICULTURAL,1597,0.3,0.0
39003,Allen,OH,AGRICULTURAL,18,0.3,0.0
48433,Stonewall,TX,AGRICULTURAL,83,0.3,0.0
29186,Ste. Genevieve,MO,AGRICULTURAL,958,0.3,0.0
19027,Carroll,IA,AGRICULTURAL,251,0.3,0.0
39109,Miami,OH,AGRICULTURAL,1415,0.3,0.0
48139,Ellis,TX,AGRICULTURAL,151,0.3,0.0
29177,Ray,MO,AGRICULTURAL,1168,0.3,0.0
46057,Hamlin,SD,AGRICULTURAL,163,0.3,0.0
18003,Allen,IN,AGRICULTURAL,34,0.3,0.0
48271,Kinney,TX,AGRICULTURAL,375,0.2,0.0
18151,Steuben,IN,AGRICULTURAL,1457,0.2,0.0
27065,Kanabec,MN,AGRICULTURAL,1169,0.2,0.0
35047,San Miguel,NM,AGRICULTURAL,10,0.2,0.0
17051,Fayette,IL,AGRICULTURAL,105,0.2,0.0
20205,Wilson,KS,AGRICULTURAL,224,0.2,0.0
48065,Carson,TX,AGRICULTURAL,375,0.2,0.0
20191,Sumner,KS,AGRICULTURAL,1474,0.2,0.0
55117,Sheboygan,WI,AGRICULTURAL,9,0.2,0.0
48129,Donley,TX,AGRICULTURAL,163,0.2,0.0
19189,Winnebago,IA,AGRICULTURAL,175,0.2,0.0
31053,Dodge,NE,AGRICULTURAL,1487,0.2,0.1
48349,Navarro,TX,AGRICULTURAL,148,0.2,0.0
19001,Adair,IA,AGRICULTURAL,55,0.2,0.0
48453,Travis,TX,AGRICULTURAL,22,0.2,0.0
48227,Howard,TX,AGRICULTURAL,2,0.2,0.0
20037,Crawford,KS,AGRICULTURAL,212,0.2,0.0
10005,Sussex,DE,AGRICULTURAL,22,0.2,0.0
29185,St. Clair,MO,AGRICULTURAL,96,0.2,0.0
29051,Cole,MO,AGRICULTURAL,129,0.2,0.0
20077,Harper,KS,AGRICULTURAL,1465,0.2,0.0
05143,Washington,AR,AGRICULTURAL,291,0.2,0.0
05093,Mississippi,AR,AGRICULTURAL,1525,0.2,0.0
08055,Huerfano,CO,AGRICULTURAL,221,0.2,0.0
05075,Lawrence,AR,AGRICULTURAL,1191,0.2,0.0
39063,Hancock,OH,AGRICULTURAL,109,0.2,0.0
27093,Meeker,MN,AGRICULTURAL,126,0.2,0.0
42021,Cambria,PA,AGRICULTURAL,236,0.2,0.0
39023,Clark,OH,AGRICULTURAL,86,0.2,0.0
29083,Henry,MO,AGRICULTURAL,116,0.1,0.0
31163,Sherman,NE,AGRICULTURAL,1137,0.1,0.0
48029,Bexar,TX,AGRICULTURAL,89,0.1,0.0
31185,York,NE,AGRICULTURAL,1713,0.1,0.1
48249,Jim Wells,TX,AGRICULTURAL,23,0.1,0.0
31071,Garfield,NE,AGRICULTURAL,1676,0.1,0.1
31023,Butler,NE,AGRICULTURAL,1727,0.1,0.1
31067,Gage,NE,AGRICULTURAL,1626,0.1,0.1
31097,Johnson,NE,AGRICULTURAL,1397,0.1,0.0
19025,Calhoun,IA,AGRICULTURAL,149,0.1,0.0
31159,Seward,NE,AGRICULTURAL,1624,0.1,0.1
29009,Barry,MO,AGRICULTURAL,3,0.1,0.0
31007,Banner,NE,AGRICULTURAL,1211,0.1,0.0
29039,Cedar,MO,AGRICULTURAL,2,0.1,0.0
17123,Marshall,IL,AGRICULTURAL,22,0.1,0.0
38071,Ramsey,ND,AGRICULTURAL,136,0.1,0.0
08071,Las Animas,CO,AGRICULTURAL,250,0.1,0.0
18073,Jasper,IN,AGRICULTURAL,82,0.1,0.0
20011,Bourbon,KS,AGRICULTURAL,169,0.1,0.0
18171,Warren,IN,AGRICULTURAL,102,0.1,0.0
55061,Kewaunee,WI,AGRICULTURAL,56,0.1,0.0
48267,Kimble,TX,AGRICULTURAL,461,0.1,0.0
48147,Fannin,TX,AGRICULTURAL,187,0.1,0.0
48259,Kendall,TX,AGRICULTURAL,120,0.1,0.0
40115,Ottawa,OK,AGRICULTURAL,131,0.1,0.0
48061,Cameron,TX,AGRICULTURAL,93,0.1,0.0
48385,Real,TX,AGRICULTURAL,513,0.1,0.0
18007,Benton,IN,AGRICULTURAL,89,0.1,0.0
27101,Murray,MN,AGRICULTURAL,101,0.1,0.0
29095,Jackson,MO,AGRICULTURAL,130,0.1,0.0
30067,Park,MT,AGRICULTURAL,193,0.0,0.0
