fips,county_name,state_abbr,land_use_short,wind_breakeven_cost_fom,wind_tp_fom,wind_ep_fom
13141,Hancock,GA,AGRICULTURAL,124,460.0,0.0
32011,Eureka,NV,AGRICULTURAL,669,254.8,0.0
08123,Weld,CO,AGRICULTURAL,1530,180.5,162.7
08075,Logan,CO,AGRICULTURAL,1039,162.7,162.7
01061,Geneva,AL,AGRICULTURAL,173,98.4,0.0
06047,Merced,CA,AGRICULTURAL,795,79.8,0.0
28083,Leflore,MS,AGRICULTURAL,1373,61.5,61.5
48011,Armstrong,TX,AGRICULTURAL,2412,56.8,56.8
40047,Garfield,OK,AGRICULTURAL,2908,53.6,53.6
21151,Madison,KY,AGRICULTURAL,1945,52.6,52.6
53043,Lincoln,WA,AGRICULTURAL,1662,52.0,52.0
08063,Kit Carson,CO,AGRICULTURAL,2567,49.0,49.0
17075,Iroquois,IL,AGRICULTURAL,1945,46.4,46.4
08109,Saguache,CO,AGRICULTURAL,64,43.7,0.0
34033,Salem,NJ,AGRICULTURAL,1301,39.3,39.3
49021,Iron,UT,AGRICULTURAL,2051,38.1,38.1
17053,Ford,IL,AGRICULTURAL,2338,37.4,37.4
42117,Tioga,PA,AGRICULTURAL,2899,36.5,36.3
17073,Henry,IL,AGRICULTURAL,2291,35.2,35.2
28055,Issaquena,MS,AGRICULTURAL,771,33.7,0.0
42005,Armstrong,PA,AGRICULTURAL,1214,33.2,33.2
34005,Burlington,NJ,AGRICULTURAL,988,30.6,0.0
20021,Cherokee,KS,AGRICULTURAL,2399,29.5,29.5
21017,Bourbon,KY,AGRICULTURAL,2621,29.2,29.2
29205,Shelby,MO,AGRICULTURAL,2148,28.8,28.8
40009,Beckham,OK,AGRICULTURAL,2031,28.1,28.1
17091,Kankakee,IL,AGRICULTURAL,2073,27.8,27.8
26065,Ingham,MI,AGRICULTURAL,2223,27.6,27.6
40015,Caddo,OK,AGRICULTURAL,2864,27.6,27.6
17105,Livingston,IL,AGRICULTURAL,2567,26.9,26.9
31031,Cherry,NE,AGRICULTURAL,2755,26.5,26.5
28133,Sunflower,MS,AGRICULTURAL,1426,26.5,26.5
28029,Copiah,MS,AGRICULTURAL,592,25.7,0.0
17135,Montgomery,IL,AGRICULTURAL,2230,25.3,25.3
51111,Lunenburg,VA,AGRICULTURAL,582,24.9,0.0
17021,Christian,IL,AGRICULTURAL,1786,24.5,24.5
28119,Quitman,MS,AGRICULTURAL,1219,24.4,24.4
17107,Logan,IL,AGRICULTURAL,1866,24.3,24.3
39147,Seneca,OH,AGRICULTURAL,2309,23.8,23.8
12079,Madison,FL,AGRICULTURAL,294,23.2,0.0
29041,Chariton,MO,AGRICULTURAL,2125,23.2,23.2
16051,Jefferson,ID,AGRICULTURAL,1484,22.5,22.5
42019,Butler,PA,AGRICULTURAL,1459,21.6,21.6
46063,Harding,SD,AGRICULTURAL,2513,20.9,20.9
17115,Macon,IL,AGRICULTURAL,1887,20.5,20.5
01083,Limestone,AL,AGRICULTURAL,652,20.2,0.0
28051,Holmes,MS,AGRICULTURAL,993,19.0,19.0
31101,Keith,NE,AGRICULTURAL,1651,18.9,1.5
20157,Republic,KS,AGRICULTURAL,2213,18.7,18.7
45089,Williamsburg,SC,AGRICULTURAL,1128,18.6,18.6
35057,Torrance,NM,AGRICULTURAL,2548,18.6,14.9
48229,Hudspeth,TX,AGRICULTURAL,803,18.4,0.0
42055,Franklin,PA,AGRICULTURAL,837,18.4,0.0
29147,Nodaway,MO,AGRICULTURAL,2724,17.8,17.8
18177,Wayne,IN,AGRICULTURAL,2089,17.7,17.7
13071,Colquitt,GA,AGRICULTURAL,935,17.2,0.0
17027,Clinton,IL,AGRICULTURAL,1696,17.2,17.2
24041,Talbot,MD,AGRICULTURAL,1151,16.8,16.8
36017,Chenango,NY,AGRICULTURAL,1432,16.7,16.7
17093,Kendall,IL,AGRICULTURAL,2128,16.7,16.7
17113,McLean,IL,AGRICULTURAL,2493,16.5,16.5
46029,Codington,SD,AGRICULTURAL,3322,16.5,16.5
05037,Cross,AR,AGRICULTURAL,1862,16.1,16.1
39031,Coshocton,OH,AGRICULTURAL,1035,15.8,15.6
17079,Jasper,IL,AGRICULTURAL,1733,15.7,15.7
48165,Gaines,TX,AGRICULTURAL,1637,15.1,15.1
42063,Indiana,PA,AGRICULTURAL,1015,14.6,14.6
48255,Karnes,TX,AGRICULTURAL,1387,14.5,9.4
28153,Wayne,MS,AGRICULTURAL,557,14.1,0.0
06049,Modoc,CA,AGRICULTURAL,1084,13.9,8.3
39091,Logan,OH,AGRICULTURAL,2886,13.6,13.6
17173,Shelby,IL,AGRICULTURAL,2183,13.6,13.6
39001,Adams,OH,AGRICULTURAL,657,13.5,0.0
36075,Oswego,NY,AGRICULTURAL,232,13.4,0.0
42071,Lancaster,PA,AGRICULTURAL,611,13.1,0.0
48055,Caldwell,TX,AGRICULTURAL,708,13.1,0.0
51047,Culpeper,VA,AGRICULTURAL,47,13.1,0.0
48491,Williamson,TX,AGRICULTURAL,2091,13.0,13.0
38025,Dunn,ND,AGRICULTURAL,2016,12.9,12.9
24013,Carroll,MD,AGRICULTURAL,1309,12.8,8.8
36013,Chautauqua,NY,AGRICULTURAL,1520,12.6,12.6
29145,Newton,MO,AGRICULTURAL,2849,12.6,12.6
48283,La Salle,TX,AGRICULTURAL,1235,12.5,12.5
31001,Adams,NE,AGRICULTURAL,2509,12.5,12.5
30011,Carter,MT,AGRICULTURAL,2587,12.4,12.4
36037,Genesee,NY,AGRICULTURAL,1193,12.4,12.4
55085,Oneida,WI,AGRICULTURAL,1515,12.2,12.2
31125,Nance,NE,AGRICULTURAL,2499,12.1,12.1
36093,Schenectady,NY,AGRICULTURAL,1192,11.4,8.7
27165,Watonwan,MN,AGRICULTURAL,2362,11.2,11.2
20087,Jefferson,KS,AGRICULTURAL,3036,11.1,11.1
27027,Clay,MN,AGRICULTURAL,2042,10.8,10.8
36065,Oneida,NY,AGRICULTURAL,24,10.7,0.0
29101,Johnson,MO,AGRICULTURAL,2551,10.7,10.7
08027,Custer,CO,AGRICULTURAL,431,10.6,0.0
48109,Culberson,TX,AGRICULTURAL,1314,10.3,9.0
29091,Howell,MO,AGRICULTURAL,1762,10.3,0.5
27005,Becker,MN,AGRICULTURAL,2110,10.3,10.3
19061,Dubuque,IA,AGRICULTURAL,2429,10.2,10.2
48051,Burleson,TX,AGRICULTURAL,1442,10.2,10.2
29199,Scotland,MO,AGRICULTURAL,2127,10.2,10.2
56003,Big Horn,WY,AGRICULTURAL,763,10.2,3.2
30041,Hill,MT,AGRICULTURAL,2497,10.2,10.2
48093,Comanche,TX,AGRICULTURAL,2003,10.1,10.1
29115,Linn,MO,AGRICULTURAL,2906,10.0,10.0
38105,Williams,ND,AGRICULTURAL,2521,9.9,8.7
17163,St. Clair,IL,AGRICULTURAL,1816,9.7,9.7
17175,Stark,IL,AGRICULTURAL,2095,9.7,9.7
05023,Cleburne,AR,AGRICULTURAL,1355,9.6,9.6
24021,Frederick,MD,AGRICULTURAL,1697,9.6,5.8
24015,Cecil,MD,AGRICULTURAL,1214,9.5,9.5
20085,Jackson,KS,AGRICULTURAL,2657,9.4,9.4
30015,Chouteau,MT,AGRICULTURAL,2726,9.4,9.4
48127,Dimmit,TX,AGRICULTURAL,1295,9.4,8.6
30035,Glacier,MT,AGRICULTURAL,2610,9.3,9.3
20119,Meade,KS,AGRICULTURAL,1889,9.2,6.4
18053,Grant,IN,AGRICULTURAL,2318,9.1,9.1
31087,Hitchcock,NE,AGRICULTURAL,1921,9.1,9.1
29131,Miller,MO,AGRICULTURAL,1783,9.1,9.1
30085,Roosevelt,MT,AGRICULTURAL,1808,9.1,8.5
39021,Champaign,OH,AGRICULTURAL,1799,9.0,9.0
29133,Mississippi,MO,AGRICULTURAL,1622,9.0,9.0
42037,Columbia,PA,AGRICULTURAL,134,9.0,0.0
48015,Austin,TX,AGRICULTURAL,636,8.9,0.0
31057,Dundy,NE,AGRICULTURAL,1750,8.9,8.9
28109,Pearl River,MS,AGRICULTURAL,96,8.9,0.0
48149,Fayette,TX,AGRICULTURAL,1400,8.8,8.8
31085,Hayes,NE,AGRICULTURAL,1749,8.8,8.8
31117,McPherson,NE,AGRICULTURAL,2114,8.8,8.8
32001,Churchill,NV,AGRICULTURAL,242,8.8,0.0
48301,Loving,TX,AGRICULTURAL,372,8.7,0.0
48371,Pecos,TX,AGRICULTURAL,1087,8.6,4.1
48471,Walker,TX,AGRICULTURAL,609,8.5,0.0
20029,Cloud,KS,AGRICULTURAL,1622,8.5,8.5
31011,Boone,NE,AGRICULTURAL,2618,8.5,8.5
31107,Knox,NE,AGRICULTURAL,3021,8.4,8.4
53071,Walla Walla,WA,AGRICULTURAL,999,8.4,8.4
30105,Valley,MT,AGRICULTURAL,2902,8.4,8.4
30087,Rosebud,MT,AGRICULTURAL,1958,8.4,8.4
46123,Tripp,SD,AGRICULTURAL,2457,8.3,8.3
30075,Powder River,MT,AGRICULTURAL,1965,8.3,8.3
21179,Nelson,KY,AGRICULTURAL,1982,8.2,8.2
24045,Wicomico,MD,AGRICULTURAL,1526,8.1,8.1
55043,Grant,WI,AGRICULTURAL,1203,8.1,8.1
46091,Marshall,SD,AGRICULTURAL,2687,8.0,8.0
30027,Fergus,MT,AGRICULTURAL,2490,7.9,7.9
48287,Lee,TX,AGRICULTURAL,1449,7.9,7.9
39007,Ashtabula,OH,AGRICULTURAL,1819,7.9,7.9
39175,Wyandot,OH,AGRICULTURAL,2100,7.9,7.9
29195,Saline,MO,AGRICULTURAL,2377,7.8,7.8
40087,McClain,OK,AGRICULTURAL,2663,7.8,7.8
53025,Grant,WA,AGRICULTURAL,1010,7.6,1.8
40145,Wagoner,OK,AGRICULTURAL,2160,7.6,7.6
31039,Cuming,NE,AGRICULTURAL,3049,7.6,7.6
19093,Ida,IA,AGRICULTURAL,2247,7.5,7.5
40045,Ellis,OK,AGRICULTURAL,2800,7.5,7.5
05059,Hot Spring,AR,AGRICULTURAL,1378,7.4,7.3
30111,Yellowstone,MT,AGRICULTURAL,1633,7.4,3.6
31147,Richardson,NE,AGRICULTURAL,2445,7.4,7.4
27169,Winona,MN,AGRICULTURAL,2261,7.4,7.4
38085,Sioux,ND,AGRICULTURAL,2987,7.4,7.4
48319,Mason,TX,AGRICULTURAL,1125,7.3,7.3
46067,Hutchinson,SD,AGRICULTURAL,2884,7.3,7.3
46071,Jackson,SD,AGRICULTURAL,1480,7.3,2.0
45051,Horry,SC,AGRICULTURAL,961,7.3,0.0
39159,Union,OH,AGRICULTURAL,1797,7.3,7.3
39163,Vinton,OH,AGRICULTURAL,586,7.2,0.0
20099,Labette,KS,AGRICULTURAL,2451,7.2,7.2
48193,Hamilton,TX,AGRICULTURAL,2279,7.2,7.2
42015,Bradford,PA,AGRICULTURAL,1898,7.2,7.2
17159,Richland,IL,AGRICULTURAL,1644,7.1,7.1
48457,Tyler,TX,AGRICULTURAL,411,7.1,0.0
42073,Lawrence,PA,AGRICULTURAL,939,7.0,0.0
42051,Fayette,PA,AGRICULTURAL,434,7.0,0.0
31027,Cedar,NE,AGRICULTURAL,2966,7.0,7.0
17051,Fayette,IL,AGRICULTURAL,1866,7.0,7.0
24025,Harford,MD,AGRICULTURAL,1086,6.9,6.9
39089,Licking,OH,AGRICULTURAL,1679,6.9,6.9
31019,Buffalo,NE,AGRICULTURAL,2592,6.8,6.8
31139,Pierce,NE,AGRICULTURAL,3039,6.8,6.8
31167,Stanton,NE,AGRICULTURAL,2956,6.8,6.8
31165,Sioux,NE,AGRICULTURAL,1071,6.8,6.8
17033,Crawford,IL,AGRICULTURAL,1918,6.8,6.8
20185,Stafford,KS,AGRICULTURAL,2471,6.8,6.8
30059,Meagher,MT,AGRICULTURAL,1814,6.8,6.8
30071,Phillips,MT,AGRICULTURAL,2054,6.7,6.7
28115,Pontotoc,MS,AGRICULTURAL,1324,6.7,6.7
40075,Kiowa,OK,AGRICULTURAL,1752,6.7,6.7
17083,Jersey,IL,AGRICULTURAL,1655,6.7,6.7
24019,Dorchester,MD,AGRICULTURAL,1459,6.7,6.7
20203,Wichita,KS,AGRICULTURAL,2136,6.6,6.6
20095,Kingman,KS,AGRICULTURAL,2816,6.6,6.6
20027,Clay,KS,AGRICULTURAL,1880,6.6,6.6
20009,Barton,KS,AGRICULTURAL,2177,6.5,6.5
04001,Apache,AZ,AGRICULTURAL,1728,6.5,6.5
39103,Medina,OH,AGRICULTURAL,2209,6.5,6.5
29017,Bollinger,MO,AGRICULTURAL,1161,6.4,6.4
17055,Franklin,IL,AGRICULTURAL,1768,6.4,6.4
54037,Jefferson,WV,AGRICULTURAL,938,6.4,0.0
20115,Marion,KS,AGRICULTURAL,2636,6.4,6.4
39141,Ross,OH,AGRICULTURAL,839,6.4,0.0
20141,Osborne,KS,AGRICULTURAL,1852,6.4,6.4
31161,Sheridan,NE,AGRICULTURAL,3087,6.3,6.3
20047,Edwards,KS,AGRICULTURAL,2362,6.2,6.2
20033,Comanche,KS,AGRICULTURAL,1791,6.2,6.2
31069,Garden,NE,AGRICULTURAL,2239,6.2,6.2
19003,Adams,IA,AGRICULTURAL,2260,6.2,6.2
38101,Ward,ND,AGRICULTURAL,2337,6.1,6.1
39055,Geauga,OH,AGRICULTURAL,1970,6.0,6.0
06021,Glenn,CA,AGRICULTURAL,1537,6.0,6.0
39115,Morgan,OH,AGRICULTURAL,1068,6.0,6.0
31077,Greeley,NE,AGRICULTURAL,2432,6.0,6.0
48331,Milam,TX,AGRICULTURAL,1709,6.0,6.0
31093,Howard,NE,AGRICULTURAL,2417,6.0,6.0
19007,Appanoose,IA,AGRICULTURAL,2570,5.9,5.9
39019,Carroll,OH,AGRICULTURAL,1504,5.9,5.9
30107,Wheatland,MT,AGRICULTURAL,2094,5.9,5.9
18055,Greene,IN,AGRICULTURAL,1580,5.9,5.9
17193,White,IL,AGRICULTURAL,1592,5.9,5.9
19047,Crawford,IA,AGRICULTURAL,2960,5.8,5.8
48183,Gregg,TX,AGRICULTURAL,1373,5.8,5.8
41005,Clackamas,OR,AGRICULTURAL,446,5.7,0.0
22007,Assumption,LA,AGRICULTURAL,690,5.7,0.0
29045,Clark,MO,AGRICULTURAL,2273,5.7,5.7
30057,Madison,MT,AGRICULTURAL,1334,5.7,3.1
42099,Perry,PA,AGRICULTURAL,127,5.7,0.0
55097,Portage,WI,AGRICULTURAL,1864,5.6,5.6
19095,Iowa,IA,AGRICULTURAL,2012,5.6,5.6
20207,Woodson,KS,AGRICULTURAL,2497,5.6,5.6
48263,Kent,TX,AGRICULTURAL,1416,5.5,5.5
20165,Rush,KS,AGRICULTURAL,2112,5.5,5.5
19041,Clay,IA,AGRICULTURAL,2540,5.5,5.5
36011,Cayuga,NY,AGRICULTURAL,868,5.4,0.0
29121,Macon,MO,AGRICULTURAL,1967,5.4,5.4
19107,Keokuk,IA,AGRICULTURAL,2047,5.4,5.4
19051,Davis,IA,AGRICULTURAL,2177,5.3,5.3
56027,Niobrara,WY,AGRICULTURAL,2191,5.3,5.3
46011,Brookings,SD,AGRICULTURAL,2185,5.3,5.3
12065,Jefferson,FL,AGRICULTURAL,286,5.3,0.0
48247,Jim Hogg,TX,AGRICULTURAL,1927,5.2,5.2
46005,Beadle,SD,AGRICULTURAL,1919,5.2,5.2
31015,Boyd,NE,AGRICULTURAL,1787,5.2,5.2
31181,Webster,NE,AGRICULTURAL,2471,5.1,5.1
38089,Stark,ND,AGRICULTURAL,1893,5.0,5.0
18183,Whitley,IN,AGRICULTURAL,1970,5.0,5.0
27129,Renville,MN,AGRICULTURAL,2456,5.0,5.0
13115,Floyd,GA,AGRICULTURAL,361,5.0,0.0
06067,Sacramento,CA,AGRICULTURAL,370,5.0,0.0
48401,Rusk,TX,AGRICULTURAL,1089,5.0,0.3
30055,McCone,MT,AGRICULTURAL,3097,4.9,4.9
05015,Carroll,AR,AGRICULTURAL,1374,4.9,2.6
48141,El Paso,TX,AGRICULTURAL,755,4.8,0.0
06025,Imperial,CA,AGRICULTURAL,624,4.8,0.0
48161,Freestone,TX,AGRICULTURAL,1577,4.8,4.8
08125,Yuma,CO,AGRICULTURAL,2352,4.8,4.8
48099,Coryell,TX,AGRICULTURAL,1817,4.8,4.8
36069,Ontario,NY,AGRICULTURAL,1438,4.8,4.8
19163,Scott,IA,AGRICULTURAL,1899,4.7,4.7
24005,Baltimore,MD,AGRICULTURAL,1354,4.7,4.7
18005,Bartholomew,IN,AGRICULTURAL,874,4.6,0.0
37165,Scotland,NC,AGRICULTURAL,1086,4.6,4.6
38037,Grant,ND,AGRICULTURAL,2673,4.6,4.6
19187,Webster,IA,AGRICULTURAL,2616,4.5,4.5
27137,St. Louis,MN,AGRICULTURAL,2290,4.5,4.5
40125,Pottawatomie,OK,AGRICULTURAL,2696,4.5,4.5
48103,Crane,TX,AGRICULTURAL,1122,4.5,4.5
36045,Jefferson,NY,AGRICULTURAL,1160,4.5,1.6
48451,Tom Green,TX,AGRICULTURAL,1490,4.5,4.5
48475,Ward,TX,AGRICULTURAL,883,4.5,0.0
31099,Kearney,NE,AGRICULTURAL,2427,4.5,4.5
48111,Dallam,TX,AGRICULTURAL,1839,4.5,4.5
48105,Crockett,TX,AGRICULTURAL,2069,4.4,4.4
48269,King,TX,AGRICULTURAL,1344,4.4,4.4
31047,Dawson,NE,AGRICULTURAL,2160,4.4,4.4
48421,Sherman,TX,AGRICULTURAL,2274,4.3,4.3
48465,Val Verde,TX,AGRICULTURAL,1190,4.3,1.2
16011,Bingham,ID,AGRICULTURAL,1678,4.3,4.3
19157,Poweshiek,IA,AGRICULTURAL,2447,4.3,4.3
18049,Fulton,IN,AGRICULTURAL,1999,4.3,4.3
38041,Hettinger,ND,AGRICULTURAL,2263,4.3,4.3
48337,Montague,TX,AGRICULTURAL,2492,4.2,4.2
36035,Fulton,NY,AGRICULTURAL,150,4.2,0.0
37051,Cumberland,NC,AGRICULTURAL,823,4.2,0.0
30073,Pondera,MT,AGRICULTURAL,2404,4.1,4.1
18151,Steuben,IN,AGRICULTURAL,2230,4.1,4.1
29141,Morgan,MO,AGRICULTURAL,2188,4.1,4.1
19165,Shelby,IA,AGRICULTURAL,2590,4.1,4.1
18141,St. Joseph,IN,AGRICULTURAL,2054,4.1,4.1
16087,Washington,ID,AGRICULTURAL,146,4.1,0.0
48311,McMullen,TX,AGRICULTURAL,1754,4.1,4.1
46077,Kingsbury,SD,AGRICULTURAL,2237,4.1,4.1
38029,Emmons,ND,AGRICULTURAL,2452,4.1,4.1
46105,Perkins,SD,AGRICULTURAL,2895,4.0,4.0
46061,Hanson,SD,AGRICULTURAL,2155,4.0,4.0
40121,Pittsburg,OK,AGRICULTURAL,2340,4.0,4.0
30065,Musselshell,MT,AGRICULTURAL,2140,4.0,4.0
48039,Brazoria,TX,AGRICULTURAL,584,4.0,0.0
48225,Houston,TX,AGRICULTURAL,1282,3.9,0.7
41055,Sherman,OR,AGRICULTURAL,2332,3.9,3.9
27167,Wilkin,MN,AGRICULTURAL,2443,3.9,3.9
05113,Polk,AR,AGRICULTURAL,364,3.8,0.0
38049,McHenry,ND,AGRICULTURAL,1730,3.8,3.8
30003,Big Horn,MT,AGRICULTURAL,1034,3.7,2.2
48425,Somervell,TX,AGRICULTURAL,2681,3.7,3.7
29117,Livingston,MO,AGRICULTURAL,1991,3.6,3.6
36043,Herkimer,NY,AGRICULTURAL,1478,3.6,3.6
17187,Warren,IL,AGRICULTURAL,2589,3.6,3.6
31143,Polk,NE,AGRICULTURAL,2486,3.6,3.6
46069,Hyde,SD,AGRICULTURAL,2244,3.6,3.6
35039,Rio Arriba,NM,AGRICULTURAL,588,3.6,0.0
01101,Montgomery,AL,AGRICULTURAL,71,3.6,0.0
20173,Sedgwick,KS,AGRICULTURAL,2735,3.5,3.5
06093,Siskiyou,CA,AGRICULTURAL,1466,3.5,3.5
27007,Beltrami,MN,AGRICULTURAL,2087,3.5,3.5
20189,Stevens,KS,AGRICULTURAL,2028,3.5,3.5
19021,Buena Vista,IA,AGRICULTURAL,2351,3.5,3.5
31051,Dixon,NE,AGRICULTURAL,2735,3.5,3.5
30005,Blaine,MT,AGRICULTURAL,2796,3.5,3.5
08035,Douglas,CO,AGRICULTURAL,1782,3.4,3.4
16033,Clark,ID,AGRICULTURAL,807,3.4,0.0
45013,Beaufort,SC,AGRICULTURAL,707,3.4,0.0
20107,Linn,KS,AGRICULTURAL,2493,3.4,3.4
18175,Washington,IN,AGRICULTURAL,1903,3.4,3.4
17089,Kane,IL,AGRICULTURAL,2085,3.4,3.4
31155,Saunders,NE,AGRICULTURAL,2528,3.4,3.4
36033,Franklin,NY,AGRICULTURAL,756,3.4,0.0
46021,Campbell,SD,AGRICULTURAL,1972,3.4,3.4
48075,Childress,TX,AGRICULTURAL,1735,3.4,3.4
48313,Madison,TX,AGRICULTURAL,1020,3.3,3.1
54003,Berkeley,WV,AGRICULTURAL,658,3.3,0.0
29207,Stoddard,MO,AGRICULTURAL,1450,3.3,3.3
40071,Kay,OK,AGRICULTURAL,2630,3.3,3.3
48265,Kerr,TX,AGRICULTURAL,2614,3.3,3.3
19045,Clinton,IA,AGRICULTURAL,1911,3.3,3.3
20159,Rice,KS,AGRICULTURAL,2734,3.3,3.3
30097,Sweet Grass,MT,AGRICULTURAL,1694,3.3,3.3
12101,Pasco,FL,AGRICULTURAL,955,3.2,0.5
31151,Saline,NE,AGRICULTURAL,2501,3.2,3.2
27113,Pennington,MN,AGRICULTURAL,2156,3.2,3.2
48133,Eastland,TX,AGRICULTURAL,2859,3.2,3.2
19117,Lucas,IA,AGRICULTURAL,2499,3.2,3.2
40153,Woodward,OK,AGRICULTURAL,3069,3.2,3.2
40043,Dewey,OK,AGRICULTURAL,3559,3.1,3.1
27151,Swift,MN,AGRICULTURAL,2318,3.1,3.1
40029,Coal,OK,AGRICULTURAL,1812,3.1,3.1
31063,Frontier,NE,AGRICULTURAL,1910,3.1,3.1
30099,Teton,MT,AGRICULTURAL,1912,3.1,3.1
19161,Sac,IA,AGRICULTURAL,1816,3.1,3.1
47097,Lauderdale,TN,AGRICULTURAL,2028,3.1,3.1
19175,Union,IA,AGRICULTURAL,2450,3.1,3.1
29103,Knox,MO,AGRICULTURAL,2572,3.1,3.1
48387,Red River,TX,AGRICULTURAL,1412,3.0,3.0
27131,Rice,MN,AGRICULTURAL,2883,3.0,3.0
48143,Erath,TX,AGRICULTURAL,2713,3.0,3.0
19135,Monroe,IA,AGRICULTURAL,2511,3.0,3.0
22001,Acadia,LA,AGRICULTURAL,622,3.0,0.0
29049,Clinton,MO,AGRICULTURAL,2883,3.0,3.0
18011,Boone,IN,AGRICULTURAL,2335,3.0,3.0
29063,DeKalb,MO,AGRICULTURAL,2371,3.0,3.0
01013,Butler,AL,AGRICULTURAL,812,2.9,0.0
40149,Washita,OK,AGRICULTURAL,2956,2.9,2.9
19147,Palo Alto,IA,AGRICULTURAL,2373,2.9,2.9
19183,Washington,IA,AGRICULTURAL,2237,2.9,2.9
46023,Charles Mix,SD,AGRICULTURAL,2566,2.9,2.9
20117,Marshall,KS,AGRICULTURAL,2379,2.9,2.9
29229,Wright,MO,AGRICULTURAL,1531,2.9,2.9
46093,Meade,SD,AGRICULTURAL,1980,2.9,2.9
18181,White,IN,AGRICULTURAL,2194,2.9,2.9
36021,Columbia,NY,AGRICULTURAL,1120,2.9,2.9
45063,Lexington,SC,AGRICULTURAL,1567,2.8,2.8
29021,Buchanan,MO,AGRICULTURAL,3153,2.8,2.8
31127,Nemaha,NE,AGRICULTURAL,2272,2.8,2.8
45061,Lee,SC,AGRICULTURAL,685,2.8,0.0
36031,Essex,NY,AGRICULTURAL,799,2.8,0.0
06031,Kings,CA,AGRICULTURAL,681,2.8,0.0
19191,Winneshiek,IA,AGRICULTURAL,2421,2.8,2.8
48423,Smith,TX,AGRICULTURAL,1368,2.8,0.3
40007,Beaver,OK,AGRICULTURAL,2463,2.8,2.8
31149,Rock,NE,AGRICULTURAL,2763,2.7,2.7
17099,LaSalle,IL,AGRICULTURAL,2151,2.7,2.7
46043,Douglas,SD,AGRICULTURAL,2709,2.7,2.7
38011,Bowman,ND,AGRICULTURAL,2449,2.7,2.7
20145,Pawnee,KS,AGRICULTURAL,2336,2.7,2.7
20053,Ellsworth,KS,AGRICULTURAL,2537,2.7,2.7
27043,Faribault,MN,AGRICULTURAL,2672,2.7,2.7
55025,Dane,WI,AGRICULTURAL,2113,2.7,2.7
45075,Orangeburg,SC,AGRICULTURAL,1157,2.7,2.7
48479,Webb,TX,AGRICULTURAL,1503,2.7,2.6
36029,Erie,NY,AGRICULTURAL,2197,2.7,2.7
46135,Yankton,SD,AGRICULTURAL,2347,2.6,2.6
29097,Jasper,MO,AGRICULTURAL,3113,2.6,2.6
19103,Johnson,IA,AGRICULTURAL,1945,2.6,2.6
29161,Phelps,MO,AGRICULTURAL,2071,2.6,2.6
46053,Gregory,SD,AGRICULTURAL,3188,2.6,2.6
39053,Gallia,OH,AGRICULTURAL,480,2.6,0.0
27015,Brown,MN,AGRICULTURAL,1960,2.6,2.6
48411,San Saba,TX,AGRICULTURAL,2668,2.5,2.5
27061,Itasca,MN,AGRICULTURAL,2279,2.5,2.5
20129,Morton,KS,AGRICULTURAL,2055,2.5,2.5
38019,Cavalier,ND,AGRICULTURAL,3147,2.5,2.5
29027,Callaway,MO,AGRICULTURAL,1946,2.5,2.5
29137,Monroe,MO,AGRICULTURAL,2060,2.5,2.5
27063,Jackson,MN,AGRICULTURAL,2641,2.5,2.5
05145,White,AR,AGRICULTURAL,805,2.5,0.2
39039,Defiance,OH,AGRICULTURAL,2188,2.5,2.5
40027,Cleveland,OK,AGRICULTURAL,2593,2.5,2.5
48203,Harrison,TX,AGRICULTURAL,1188,2.5,2.5
20041,Dickinson,KS,AGRICULTURAL,2383,2.5,2.5
20131,Nemaha,KS,AGRICULTURAL,2515,2.5,2.5
40147,Washington,OK,AGRICULTURAL,2724,2.5,2.5
48155,Foard,TX,AGRICULTURAL,1188,2.4,2.4
18131,Pulaski,IN,AGRICULTURAL,1943,2.4,2.4
38093,Stutsman,ND,AGRICULTURAL,2307,2.4,2.4
05063,Independence,AR,AGRICULTURAL,1498,2.4,2.4
27107,Norman,MN,AGRICULTURAL,2151,2.4,2.4
29143,New Madrid,MO,AGRICULTURAL,1822,2.4,2.4
06007,Butte,CA,AGRICULTURAL,775,2.4,0.0
37057,Davidson,NC,AGRICULTURAL,379,2.4,0.0
48293,Limestone,TX,AGRICULTURAL,1834,2.4,2.4
29159,Pettis,MO,AGRICULTURAL,2266,2.4,2.4
46037,Day,SD,AGRICULTURAL,2762,2.4,2.4
40081,Lincoln,OK,AGRICULTURAL,2594,2.4,2.4
46047,Fall River,SD,AGRICULTURAL,2042,2.4,2.4
48081,Coke,TX,AGRICULTURAL,1280,2.3,1.1
27067,Kandiyohi,MN,AGRICULTURAL,2891,2.3,2.3
48027,Bell,TX,AGRICULTURAL,2195,2.3,2.1
06071,San Bernardino,CA,AGRICULTURAL,1491,2.3,2.3
29019,Boone,MO,AGRICULTURAL,2114,2.3,2.3
17189,Washington,IL,AGRICULTURAL,2004,2.3,2.3
05139,Union,AR,AGRICULTURAL,743,2.3,0.0
36053,Madison,NY,AGRICULTURAL,355,2.3,0.0
27025,Chisago,MN,AGRICULTURAL,1908,2.3,2.3
36063,Niagara,NY,AGRICULTURAL,1424,2.3,2.3
27161,Waseca,MN,AGRICULTURAL,2374,2.3,2.3
29087,Holt,MO,AGRICULTURAL,2096,2.3,2.3
47175,Van Buren,TN,AGRICULTURAL,1384,2.3,1.8
29111,Lewis,MO,AGRICULTURAL,1874,2.3,2.3
27055,Houston,MN,AGRICULTURAL,1898,2.3,2.3
48483,Wheeler,TX,AGRICULTURAL,1819,2.3,1.1
38053,McKenzie,ND,AGRICULTURAL,2788,2.3,2.3
48235,Irion,TX,AGRICULTURAL,1715,2.3,2.3
29047,Clay,MO,AGRICULTURAL,2449,2.3,2.3
55075,Marinette,WI,AGRICULTURAL,1583,2.3,2.0
18127,Porter,IN,AGRICULTURAL,2014,2.3,2.3
19195,Worth,IA,AGRICULTURAL,2138,2.3,2.3
17111,McHenry,IL,AGRICULTURAL,1757,2.2,2.2
48217,Hill,TX,AGRICULTURAL,2220,2.2,2.2
36089,St. Lawrence,NY,AGRICULTURAL,760,2.2,0.0
37147,Pitt,NC,AGRICULTURAL,1806,2.2,2.2
31089,Holt,NE,AGRICULTURAL,2921,2.2,2.2
48447,Throckmorton,TX,AGRICULTURAL,2523,2.2,2.2
21181,Nicholas,KY,AGRICULTURAL,1678,2.2,2.2
39161,Van Wert,OH,AGRICULTURAL,2160,2.2,2.2
48101,Cottle,TX,AGRICULTURAL,1264,2.2,1.1
31111,Lincoln,NE,AGRICULTURAL,1104,2.2,2.2
31013,Box Butte,NE,AGRICULTURAL,1841,2.2,2.2
38069,Pierce,ND,AGRICULTURAL,1964,2.2,2.2
41003,Benton,OR,AGRICULTURAL,624,2.2,0.0
38091,Steele,ND,AGRICULTURAL,2190,2.2,2.2
40139,Texas,OK,AGRICULTURAL,1748,2.2,2.2
30109,Wibaux,MT,AGRICULTURAL,2557,2.2,2.2
31145,Red Willow,NE,AGRICULTURAL,1745,2.2,2.2
48487,Wilbarger,TX,AGRICULTURAL,1371,2.2,2.2
38021,Dickey,ND,AGRICULTURAL,1740,2.1,2.1
19193,Woodbury,IA,AGRICULTURAL,2572,2.1,2.1
31131,Otoe,NE,AGRICULTURAL,2459,2.1,2.1
27069,Kittson,MN,AGRICULTURAL,2055,2.1,2.1
48503,Young,TX,AGRICULTURAL,2644,2.1,2.1
48117,Deaf Smith,TX,AGRICULTURAL,1822,2.1,2.1
31171,Thomas,NE,AGRICULTURAL,2160,2.1,2.1
40077,Latimer,OK,AGRICULTURAL,1936,2.1,1.5
40039,Custer,OK,AGRICULTURAL,3139,2.1,2.1
38009,Bottineau,ND,AGRICULTURAL,1922,2.1,2.1
06077,San Joaquin,CA,AGRICULTURAL,835,2.1,0.0
27089,Marshall,MN,AGRICULTURAL,2150,2.1,2.1
40051,Grady,OK,AGRICULTURAL,2074,2.1,2.1
48351,Newton,TX,AGRICULTURAL,249,2.1,0.0
27097,Morrison,MN,AGRICULTURAL,1798,2.1,2.1
53039,Klickitat,WA,AGRICULTURAL,1622,2.1,2.1
48489,Willacy,TX,AGRICULTURAL,2387,2.1,2.1
27159,Wadena,MN,AGRICULTURAL,2109,2.1,2.1
48237,Jack,TX,AGRICULTURAL,2701,2.0,2.0
53017,Douglas,WA,AGRICULTURAL,1208,2.0,2.0
37171,Surry,NC,AGRICULTURAL,162,2.0,0.0
17067,Hancock,IL,AGRICULTURAL,2001,2.0,2.0
40097,Mayes,OK,AGRICULTURAL,2156,2.0,2.0
51001,Accomack,VA,AGRICULTURAL,2542,2.0,2.0
18113,Noble,IN,AGRICULTURAL,2384,2.0,2.0
18075,Jay,IN,AGRICULTURAL,2272,2.0,2.0
27081,Lincoln,MN,AGRICULTURAL,2616,2.0,2.0
19011,Benton,IA,AGRICULTURAL,2155,2.0,2.0
04017,Navajo,AZ,AGRICULTURAL,399,2.0,0.0
18039,Elkhart,IN,AGRICULTURAL,1963,2.0,2.0
18051,Gibson,IN,AGRICULTURAL,1795,2.0,2.0
31157,Scotts Bluff,NE,AGRICULTURAL,1030,1.9,1.3
38057,Mercer,ND,AGRICULTURAL,1989,1.9,1.3
19177,Van Buren,IA,AGRICULTURAL,2065,1.9,1.9
18157,Tippecanoe,IN,AGRICULTURAL,1926,1.9,1.9
18137,Ripley,IN,AGRICULTURAL,843,1.9,0.0
40053,Grant,OK,AGRICULTURAL,2438,1.9,1.9
54077,Preston,WV,AGRICULTURAL,864,1.9,0.0
18095,Madison,IN,AGRICULTURAL,2221,1.9,1.9
38097,Traill,ND,AGRICULTURAL,2069,1.9,1.9
55027,Dodge,WI,AGRICULTURAL,2361,1.9,1.9
18111,Newton,IN,AGRICULTURAL,2073,1.9,1.9
18091,LaPorte,IN,AGRICULTURAL,1714,1.9,1.9
29149,Oregon,MO,AGRICULTURAL,1249,1.9,0.6
13091,Dodge,GA,AGRICULTURAL,216,1.8,0.0
48501,Yoakum,TX,AGRICULTURAL,1853,1.8,1.8
48251,Johnson,TX,AGRICULTURAL,2454,1.8,1.8
08023,Costilla,CO,AGRICULTURAL,1025,1.8,1.8
18121,Parke,IN,AGRICULTURAL,1748,1.8,1.8
20031,Coffey,KS,AGRICULTURAL,2472,1.8,1.8
46083,Lincoln,SD,AGRICULTURAL,2323,1.8,1.8
41037,Lake,OR,AGRICULTURAL,502,1.8,0.0
30045,Judith Basin,MT,AGRICULTURAL,2650,1.8,1.8
40091,McIntosh,OK,AGRICULTURAL,2363,1.8,1.8
27111,Otter Tail,MN,AGRICULTURAL,2549,1.8,1.8
20155,Reno,KS,AGRICULTURAL,2580,1.8,1.8
08021,Conejos,CO,AGRICULTURAL,459,1.8,0.0
48291,Liberty,TX,AGRICULTURAL,308,1.8,0.0
18025,Crawford,IN,AGRICULTURAL,615,1.8,0.0
30051,Liberty,MT,AGRICULTURAL,2357,1.8,1.8
39045,Fairfield,OH,AGRICULTURAL,1347,1.7,1.2
20005,Atchison,KS,AGRICULTURAL,2618,1.7,1.7
17039,De Witt,IL,AGRICULTURAL,2148,1.7,1.7
48171,Gillespie,TX,AGRICULTURAL,3364,1.7,1.7
06103,Tehama,CA,AGRICULTURAL,1209,1.7,1.7
05087,Madison,AR,AGRICULTURAL,2142,1.7,1.7
17059,Gallatin,IL,AGRICULTURAL,1707,1.7,1.7
48207,Haskell,TX,AGRICULTURAL,1337,1.7,1.7
19181,Warren,IA,AGRICULTURAL,1875,1.7,1.7
51093,Isle of Wight,VA,AGRICULTURAL,1346,1.7,1.7
48281,Lampasas,TX,AGRICULTURAL,1674,1.7,1.7
27011,Big Stone,MN,AGRICULTURAL,2078,1.7,1.7
20147,Phillips,KS,AGRICULTURAL,1291,1.7,1.7
48097,Cooke,TX,AGRICULTURAL,2301,1.7,1.7
48213,Henderson,TX,AGRICULTURAL,1857,1.7,1.7
13175,Laurens,GA,AGRICULTURAL,708,1.7,0.0
48437,Swisher,TX,AGRICULTURAL,2288,1.7,1.7
31173,Thurston,NE,AGRICULTURAL,2947,1.7,1.7
29033,Carroll,MO,AGRICULTURAL,2426,1.7,1.7
27145,Stearns,MN,AGRICULTURAL,2294,1.7,1.7
20103,Leavenworth,KS,AGRICULTURAL,2571,1.6,1.6
48461,Upton,TX,AGRICULTURAL,798,1.6,0.0
48267,Kimble,TX,AGRICULTURAL,793,1.6,0.0
48299,Llano,TX,AGRICULTURAL,590,1.6,0.0
20163,Rooks,KS,AGRICULTURAL,1830,1.6,1.6
17125,Mason,IL,AGRICULTURAL,2404,1.6,1.6
39171,Williams,OH,AGRICULTURAL,1945,1.6,1.6
31121,Merrick,NE,AGRICULTURAL,1921,1.6,1.6
19013,Black Hawk,IA,AGRICULTURAL,1978,1.6,1.6
48335,Mitchell,TX,AGRICULTURAL,2100,1.6,1.6
48241,Jasper,TX,AGRICULTURAL,362,1.6,0.0
48049,Brown,TX,AGRICULTURAL,2352,1.6,1.6
40151,Woods,OK,AGRICULTURAL,2553,1.6,1.6
17197,Will,IL,AGRICULTURAL,2270,1.6,1.6
54107,Wood,WV,AGRICULTURAL,351,1.6,0.0
20073,Greenwood,KS,AGRICULTURAL,1723,1.6,1.6
37061,Duplin,NC,AGRICULTURAL,1366,1.6,1.6
48069,Castro,TX,AGRICULTURAL,2053,1.6,1.6
48347,Nacogdoches,TX,AGRICULTURAL,1333,1.6,1.6
46115,Spink,SD,AGRICULTURAL,1829,1.6,1.6
55065,Lafayette,WI,AGRICULTURAL,2670,1.6,1.6
22099,St. Martin,LA,AGRICULTURAL,629,1.5,0.0
38077,Richland,ND,AGRICULTURAL,2099,1.5,1.5
48071,Chambers,TX,AGRICULTURAL,1271,1.5,1.3
48003,Andrews,TX,AGRICULTURAL,1388,1.5,1.5
20089,Jewell,KS,AGRICULTURAL,2146,1.5,1.5
48493,Wilson,TX,AGRICULTURAL,911,1.5,0.0
46039,Deuel,SD,AGRICULTURAL,2645,1.5,1.5
27013,Blue Earth,MN,AGRICULTURAL,2308,1.5,1.5
42039,Crawford,PA,AGRICULTURAL,1861,1.5,1.3
48191,Hall,TX,AGRICULTURAL,874,1.5,0.0
46099,Minnehaha,SD,AGRICULTURAL,2298,1.5,1.5
48499,Wood,TX,AGRICULTURAL,1604,1.5,1.1
48173,Glasscock,TX,AGRICULTURAL,1904,1.5,1.5
21101,Henderson,KY,AGRICULTURAL,1448,1.5,1.5
55087,Outagamie,WI,AGRICULTURAL,2105,1.5,1.5
55135,Waupaca,WI,AGRICULTURAL,1681,1.5,1.1
31061,Franklin,NE,AGRICULTURAL,2616,1.5,1.5
30019,Daniels,MT,AGRICULTURAL,2091,1.5,1.0
27077,Lake of the Woods,MN,AGRICULTURAL,1410,1.5,1.5
48325,Medina,TX,AGRICULTURAL,566,1.5,0.0
30039,Granite,MT,AGRICULTURAL,636,1.5,0.0
20201,Washington,KS,AGRICULTURAL,2081,1.5,1.5
46097,Miner,SD,AGRICULTURAL,2176,1.4,1.4
20139,Osage,KS,AGRICULTURAL,2498,1.4,1.4
17139,Moultrie,IL,AGRICULTURAL,2034,1.4,1.4
54069,Ohio,WV,AGRICULTURAL,1722,1.4,1.4
47095,Lake,TN,AGRICULTURAL,1807,1.4,1.4
27035,Crow Wing,MN,AGRICULTURAL,1656,1.4,1.4
48145,Falls,TX,AGRICULTURAL,1690,1.4,1.4
06099,Stanislaus,CA,AGRICULTURAL,653,1.4,0.0
49003,Box Elder,UT,AGRICULTURAL,1634,1.4,0.2
22039,Evangeline,LA,AGRICULTURAL,1060,1.4,1.4
26021,Berrien,MI,AGRICULTURAL,2350,1.4,1.4
51029,Buckingham,VA,AGRICULTURAL,292,1.4,0.0
12063,Jackson,FL,AGRICULTURAL,122,1.4,0.0
19121,Madison,IA,AGRICULTURAL,1901,1.4,1.4
18021,Clay,IN,AGRICULTURAL,1820,1.4,1.4
06023,Humboldt,CA,AGRICULTURAL,370,1.4,0.0
48107,Crosby,TX,AGRICULTURAL,1566,1.4,1.1
56031,Platte,WY,AGRICULTURAL,1873,1.4,1.4
21059,Daviess,KY,AGRICULTURAL,1603,1.4,1.4
27083,Lyon,MN,AGRICULTURAL,2163,1.4,1.4
27105,Nobles,MN,AGRICULTURAL,2484,1.3,1.3
19155,Pottawattamie,IA,AGRICULTURAL,2530,1.3,1.3
48181,Grayson,TX,AGRICULTURAL,2849,1.3,1.3
38099,Walsh,ND,AGRICULTURAL,3293,1.3,1.3
46051,Grant,SD,AGRICULTURAL,1589,1.3,1.3
48353,Nolan,TX,AGRICULTURAL,2246,1.3,1.3
21209,Scott,KY,AGRICULTURAL,2274,1.3,1.3
31041,Custer,NE,AGRICULTURAL,2474,1.3,1.3
18023,Clinton,IN,AGRICULTURAL,2291,1.3,1.3
27121,Pope,MN,AGRICULTURAL,2389,1.3,1.3
18133,Putnam,IN,AGRICULTURAL,2633,1.3,1.3
55069,Lincoln,WI,AGRICULTURAL,1476,1.3,1.3
13033,Burke,GA,AGRICULTURAL,624,1.3,0.0
22035,East Carroll,LA,AGRICULTURAL,1474,1.3,1.3
20001,Allen,KS,AGRICULTURAL,2438,1.3,1.3
38063,Nelson,ND,AGRICULTURAL,2682,1.3,1.3
26067,Ionia,MI,AGRICULTURAL,2377,1.3,1.3
31009,Blaine,NE,AGRICULTURAL,1812,1.3,1.3
29031,Cape Girardeau,MO,AGRICULTURAL,1767,1.2,1.2
17001,Adams,IL,AGRICULTURAL,2226,1.2,1.2
48413,Schleicher,TX,AGRICULTURAL,2002,1.2,1.2
38059,Morton,ND,AGRICULTURAL,2000,1.2,1.2
17195,Whiteside,IL,AGRICULTURAL,1777,1.2,1.2
38033,Golden Valley,ND,AGRICULTURAL,2443,1.2,1.2
48209,Hays,TX,AGRICULTURAL,2646,1.2,1.2
18159,Tipton,IN,AGRICULTURAL,2295,1.2,1.2
09015,Windham,CT,AGRICULTURAL,718,1.2,0.0
12027,DeSoto,FL,AGRICULTURAL,636,1.2,0.0
17045,Edgar,IL,AGRICULTURAL,2185,1.2,1.2
46045,Edmunds,SD,AGRICULTURAL,2465,1.2,1.2
18017,Cass,IN,AGRICULTURAL,2094,1.2,1.2
29043,Christian,MO,AGRICULTURAL,1744,1.2,1.2
16069,Nez Perce,ID,AGRICULTURAL,1033,1.2,1.2
22123,West Carroll,LA,AGRICULTURAL,1350,1.2,1.2
21031,Butler,KY,AGRICULTURAL,1499,1.2,1.2
16073,Owyhee,ID,AGRICULTURAL,565,1.2,0.0
31123,Morrill,NE,AGRICULTURAL,505,1.2,0.0
06065,Riverside,CA,AGRICULTURAL,2100,1.2,0.6
48295,Lipscomb,TX,AGRICULTURAL,2557,1.2,1.2
55039,Fond du Lac,WI,AGRICULTURAL,2722,1.1,1.1
19145,Page,IA,AGRICULTURAL,2778,1.1,1.1
55017,Chippewa,WI,AGRICULTURAL,1801,1.1,1.1
18153,Sullivan,IN,AGRICULTURAL,1932,1.1,1.1
48001,Anderson,TX,AGRICULTURAL,885,1.1,0.0
19159,Ringgold,IA,AGRICULTURAL,2221,1.1,1.1
22023,Cameron,LA,AGRICULTURAL,1206,1.1,0.2
12113,Santa Rosa,FL,AGRICULTURAL,897,1.1,0.0
40025,Cimarron,OK,AGRICULTURAL,1692,1.1,1.1
48305,Lynn,TX,AGRICULTURAL,2267,1.1,1.1
48309,McLennan,TX,AGRICULTURAL,1962,1.1,1.1
55083,Oconto,WI,AGRICULTURAL,1680,1.1,1.1
48445,Terry,TX,AGRICULTURAL,1595,1.1,1.1
26139,Ottawa,MI,AGRICULTURAL,2478,1.1,1.1
48417,Shackelford,TX,AGRICULTURAL,2245,1.1,1.1
27117,Pipestone,MN,AGRICULTURAL,2586,1.1,1.1
48033,Borden,TX,AGRICULTURAL,1574,1.1,1.1
45003,Aiken,SC,AGRICULTURAL,647,1.1,0.0
38067,Pembina,ND,AGRICULTURAL,1923,1.1,1.1
38023,Divide,ND,AGRICULTURAL,1915,1.1,1.1
18059,Hancock,IN,AGRICULTURAL,1998,1.1,1.1
40003,Alfalfa,OK,AGRICULTURAL,1908,1.1,1.1
38013,Burke,ND,AGRICULTURAL,2064,1.1,1.1
30033,Garfield,MT,AGRICULTURAL,3085,1.1,1.1
31119,Madison,NE,AGRICULTURAL,2517,1.1,1.1
27021,Cass,MN,AGRICULTURAL,2282,1.1,1.1
40141,Tillman,OK,AGRICULTURAL,1816,1.1,1.1
46101,Moody,SD,AGRICULTURAL,1727,1.1,1.1
40137,Stephens,OK,AGRICULTURAL,2254,1.1,1.1
21167,Mercer,KY,AGRICULTURAL,2153,1.1,1.1
18029,Dearborn,IN,AGRICULTURAL,1358,1.0,1.0
51083,Halifax,VA,AGRICULTURAL,888,1.0,0.0
42129,Westmoreland,PA,AGRICULTURAL,2075,1.0,0.6
31065,Furnas,NE,AGRICULTURAL,1148,1.0,1.0
31079,Hall,NE,AGRICULTURAL,2407,1.0,1.0
48497,Wise,TX,AGRICULTURAL,1922,1.0,1.0
17153,Pulaski,IL,AGRICULTURAL,1475,1.0,1.0
05147,Woodruff,AR,AGRICULTURAL,1698,1.0,1.0
19179,Wapello,IA,AGRICULTURAL,2289,1.0,1.0
21097,Harrison,KY,AGRICULTURAL,1992,1.0,1.0
38061,Mountrail,ND,AGRICULTURAL,1822,1.0,1.0
29163,Pike,MO,AGRICULTURAL,2145,1.0,1.0
39005,Ashland,OH,AGRICULTURAL,1585,1.0,1.0
48419,Shelby,TX,AGRICULTURAL,201,1.0,0.0
29221,Washington,MO,AGRICULTURAL,2093,1.0,1.0
27171,Wright,MN,AGRICULTURAL,2120,1.0,1.0
48219,Hockley,TX,AGRICULTURAL,2075,1.0,1.0
27149,Stevens,MN,AGRICULTURAL,2444,1.0,1.0
05081,Little River,AR,AGRICULTURAL,597,1.0,0.0
19151,Pocahontas,IA,AGRICULTURAL,2766,1.0,1.0
13043,Candler,GA,AGRICULTURAL,891,1.0,0.0
39173,Wood,OH,AGRICULTURAL,1961,1.0,1.0
19071,Fremont,IA,AGRICULTURAL,1872,1.0,1.0
40073,Kingfisher,OK,AGRICULTURAL,2753,1.0,1.0
18087,LaGrange,IN,AGRICULTURAL,2129,1.0,1.0
48307,McCulloch,TX,AGRICULTURAL,2616,1.0,1.0
21047,Christian,KY,AGRICULTURAL,1370,1.0,1.0
41071,Yamhill,OR,AGRICULTURAL,631,1.0,0.0
01047,Dallas,AL,AGRICULTURAL,588,1.0,0.0
29139,Montgomery,MO,AGRICULTURAL,2306,1.0,1.0
30017,Custer,MT,AGRICULTURAL,1782,0.9,0.9
13303,Washington,GA,AGRICULTURAL,174,0.9,0.0
19101,Jefferson,IA,AGRICULTURAL,2051,0.9,0.9
01111,Randolph,AL,AGRICULTURAL,354,0.9,0.0
26159,Van Buren,MI,AGRICULTURAL,2233,0.9,0.9
35035,Otero,NM,AGRICULTURAL,608,0.9,0.0
18171,Warren,IN,AGRICULTURAL,2487,0.9,0.9
01077,Lauderdale,AL,AGRICULTURAL,90,0.9,0.0
18169,Wabash,IN,AGRICULTURAL,2241,0.9,0.9
19083,Hardin,IA,AGRICULTURAL,2501,0.9,0.9
31135,Perkins,NE,AGRICULTURAL,2059,0.9,0.9
21093,Hardin,KY,AGRICULTURAL,1492,0.9,0.9
20093,Kearny,KS,AGRICULTURAL,1821,0.9,0.9
38083,Sheridan,ND,AGRICULTURAL,2008,0.9,0.9
21233,Webster,KY,AGRICULTURAL,1346,0.9,0.9
19039,Clarke,IA,AGRICULTURAL,2339,0.9,0.9
27079,Le Sueur,MN,AGRICULTURAL,2466,0.9,0.9
46009,Bon Homme,SD,AGRICULTURAL,2405,0.9,0.9
18085,Kosciusko,IN,AGRICULTURAL,1909,0.9,0.9
18077,Jefferson,IN,AGRICULTURAL,1249,0.9,0.9
27173,Yellow Medicine,MN,AGRICULTURAL,2833,0.9,0.9
29113,Lincoln,MO,AGRICULTURAL,779,0.9,0.0
48085,Collin,TX,AGRICULTURAL,2220,0.9,0.9
19077,Guthrie,IA,AGRICULTURAL,2145,0.9,0.9
48253,Jones,TX,AGRICULTURAL,1583,0.9,0.9
39057,Greene,OH,AGRICULTURAL,1822,0.9,0.9
40099,Murray,OK,AGRICULTURAL,1531,0.9,0.9
29211,Sullivan,MO,AGRICULTURAL,2589,0.9,0.9
32007,Elko,NV,AGRICULTURAL,1580,0.9,0.9
48231,Hunt,TX,AGRICULTURAL,3067,0.9,0.9
40041,Delaware,OK,AGRICULTURAL,4016,0.9,0.9
16027,Canyon,ID,AGRICULTURAL,1275,0.9,0.9
37155,Robeson,NC,AGRICULTURAL,1382,0.9,0.9
13285,Troup,GA,AGRICULTURAL,150,0.9,0.0
22067,Morehouse,LA,AGRICULTURAL,1214,0.9,0.9
29109,Lawrence,MO,AGRICULTURAL,3473,0.9,0.9
18161,Union,IN,AGRICULTURAL,1913,0.9,0.9
04019,Pima,AZ,AGRICULTURAL,597,0.9,0.0
48177,Gonzales,TX,AGRICULTURAL,838,0.9,0.0
55035,Eau Claire,WI,AGRICULTURAL,1872,0.9,0.5
19109,Kossuth,IA,AGRICULTURAL,2220,0.8,0.8
18099,Marshall,IN,AGRICULTURAL,1974,0.8,0.8
55073,Marathon,WI,AGRICULTURAL,1930,0.8,0.5
17203,Woodford,IL,AGRICULTURAL,2406,0.8,0.8
18103,Miami,IN,AGRICULTURAL,1773,0.8,0.8
29105,Laclede,MO,AGRICULTURAL,1921,0.8,0.8
27029,Clearwater,MN,AGRICULTURAL,2100,0.8,0.8
01017,Chambers,AL,AGRICULTURAL,564,0.8,0.0
46109,Roberts,SD,AGRICULTURAL,1751,0.8,0.8
37001,Alamance,NC,AGRICULTURAL,917,0.8,0.6
20183,Smith,KS,AGRICULTURAL,1858,0.8,0.8
47077,Henderson,TN,AGRICULTURAL,1001,0.8,0.8
48073,Cherokee,TX,AGRICULTURAL,527,0.8,0.0
48053,Burnet,TX,AGRICULTURAL,2867,0.8,0.8
48485,Wichita,TX,AGRICULTURAL,2550,0.8,0.8
21009,Barren,KY,AGRICULTURAL,1317,0.8,0.8
20017,Chase,KS,AGRICULTURAL,1901,0.8,0.8
17145,Perry,IL,AGRICULTURAL,1648,0.8,0.8
18061,Harrison,IN,AGRICULTURAL,1223,0.8,0.8
38035,Grand Forks,ND,AGRICULTURAL,2315,0.8,0.8
18109,Morgan,IN,AGRICULTURAL,1458,0.8,0.8
28075,Lauderdale,MS,AGRICULTURAL,647,0.8,0.0
39025,Clermont,OH,AGRICULTURAL,1474,0.8,0.8
55057,Juneau,WI,AGRICULTURAL,1461,0.8,0.8
19019,Buchanan,IA,AGRICULTURAL,2002,0.8,0.8
55063,La Crosse,WI,AGRICULTURAL,1332,0.8,0.5
19099,Jasper,IA,AGRICULTURAL,2003,0.8,0.8
45049,Hampton,SC,AGRICULTURAL,739,0.8,0.0
27049,Goodhue,MN,AGRICULTURAL,2422,0.8,0.8
17171,Scott,IL,AGRICULTURAL,1693,0.8,0.8
16081,Teton,ID,AGRICULTURAL,664,0.8,0.0
55137,Waushara,WI,AGRICULTURAL,1970,0.8,0.8
27095,Mille Lacs,MN,AGRICULTURAL,1799,0.8,0.8
17117,Macoupin,IL,AGRICULTURAL,1882,0.8,0.8
18179,Wells,IN,AGRICULTURAL,2348,0.8,0.8
26107,Mecosta,MI,AGRICULTURAL,2425,0.7,0.7
48303,Lubbock,TX,AGRICULTURAL,1783,0.7,0.7
31113,Logan,NE,AGRICULTURAL,1835,0.7,0.7
55023,Crawford,WI,AGRICULTURAL,1852,0.7,0.7
19149,Plymouth,IA,AGRICULTURAL,2352,0.7,0.7
21045,Casey,KY,AGRICULTURAL,1409,0.7,0.7
28081,Lee,MS,AGRICULTURAL,667,0.7,0.0
31177,Washington,NE,AGRICULTURAL,2661,0.7,0.7
48019,Bandera,TX,AGRICULTURAL,715,0.7,0.0
06037,Los Angeles,CA,AGRICULTURAL,1816,0.7,0.7
22025,Catahoula,LA,AGRICULTURAL,826,0.7,0.0
17023,Clark,IL,AGRICULTURAL,1927,0.7,0.7
55033,Dunn,WI,AGRICULTURAL,1766,0.7,0.7
45025,Chesterfield,SC,AGRICULTURAL,1203,0.7,0.4
08051,Gunnison,CO,AGRICULTURAL,1397,0.7,0.7
48137,Edwards,TX,AGRICULTURAL,2966,0.7,0.7
30001,Beaverhead,MT,AGRICULTURAL,3306,0.7,0.7
47099,Lawrence,TN,AGRICULTURAL,747,0.7,0.0
51193,Westmoreland,VA,AGRICULTURAL,1487,0.7,0.7
17011,Bureau,IL,AGRICULTURAL,1955,0.7,0.7
48443,Terrell,TX,AGRICULTURAL,936,0.7,0.0
55107,Rusk,WI,AGRICULTURAL,1213,0.7,0.7
48013,Atascosa,TX,AGRICULTURAL,1486,0.7,0.7
17071,Henderson,IL,AGRICULTURAL,1854,0.7,0.7
17035,Cumberland,IL,AGRICULTURAL,2119,0.7,0.7
46013,Brown,SD,AGRICULTURAL,2598,0.7,0.7
18045,Fountain,IN,AGRICULTURAL,1711,0.7,0.7
37127,Nash,NC,AGRICULTURAL,1023,0.7,0.7
20195,Trego,KS,AGRICULTURAL,2303,0.7,0.7
20023,Cheyenne,KS,AGRICULTURAL,1523,0.7,0.7
20171,Scott,KS,AGRICULTURAL,2133,0.7,0.7
18173,Warrick,IN,AGRICULTURAL,1209,0.7,0.7
29183,St. Charles,MO,AGRICULTURAL,1710,0.7,0.1
27125,Red Lake,MN,AGRICULTURAL,2083,0.7,0.7
20059,Franklin,KS,AGRICULTURAL,1708,0.7,0.7
20045,Douglas,KS,AGRICULTURAL,3378,0.7,0.7
27127,Redwood,MN,AGRICULTURAL,2251,0.7,0.7
37163,Sampson,NC,AGRICULTURAL,1636,0.7,0.7
51025,Brunswick,VA,AGRICULTURAL,781,0.6,0.0
36121,Wyoming,NY,AGRICULTURAL,709,0.6,0.0
55029,Door,WI,AGRICULTURAL,3279,0.6,0.6
48339,Montgomery,TX,AGRICULTURAL,105,0.6,0.0
26091,Lenawee,MI,AGRICULTURAL,2023,0.6,0.6
55111,Sauk,WI,AGRICULTURAL,1679,0.6,0.6
12075,Levy,FL,AGRICULTURAL,913,0.6,0.0
26005,Allegan,MI,AGRICULTURAL,2360,0.6,0.6
19115,Louisa,IA,AGRICULTURAL,1321,0.6,0.6
45033,Dillon,SC,AGRICULTURAL,1360,0.6,0.6
12121,Suwannee,FL,AGRICULTURAL,411,0.6,0.0
48223,Hopkins,TX,AGRICULTURAL,1931,0.6,0.6
21141,Logan,KY,AGRICULTURAL,1549,0.6,0.6
55019,Clark,WI,AGRICULTURAL,2051,0.6,0.6
27057,Hubbard,MN,AGRICULTURAL,2338,0.6,0.6
47047,Fayette,TN,AGRICULTURAL,1660,0.6,0.6
48029,Bexar,TX,AGRICULTURAL,808,0.6,0.1
40049,Garvin,OK,AGRICULTURAL,1821,0.6,0.6
55127,Walworth,WI,AGRICULTURAL,2316,0.6,0.6
20069,Gray,KS,AGRICULTURAL,2129,0.6,0.6
26027,Cass,MI,AGRICULTURAL,1901,0.6,0.6
39169,Wayne,OH,AGRICULTURAL,1967,0.6,0.6
22101,St. Mary,LA,AGRICULTURAL,778,0.6,0.0
30091,Sheridan,MT,AGRICULTURAL,807,0.6,0.0
20015,Butler,KS,AGRICULTURAL,2631,0.6,0.6
27091,Martin,MN,AGRICULTURAL,2507,0.6,0.6
55055,Jefferson,WI,AGRICULTURAL,2311,0.6,0.6
48017,Bailey,TX,AGRICULTURAL,1502,0.6,0.6
31169,Thayer,NE,AGRICULTURAL,2334,0.6,0.6
48327,Menard,TX,AGRICULTURAL,3252,0.6,0.6
34019,Hunterdon,NJ,AGRICULTURAL,1603,0.6,0.6
51099,King George,VA,AGRICULTURAL,480,0.6,0.0
40055,Greer,OK,AGRICULTURAL,2320,0.6,0.6
22097,St. Landry,LA,AGRICULTURAL,949,0.6,0.0
48131,Duval,TX,AGRICULTURAL,1642,0.5,0.5
27087,Mahnomen,MN,AGRICULTURAL,2284,0.5,0.5
31095,Jefferson,NE,AGRICULTURAL,2381,0.5,0.5
30037,Golden Valley,MT,AGRICULTURAL,1567,0.5,0.5
31059,Fillmore,NE,AGRICULTURAL,2550,0.5,0.5
29081,Harrison,MO,AGRICULTURAL,2398,0.5,0.5
26045,Eaton,MI,AGRICULTURAL,2371,0.5,0.5
39011,Auglaize,OH,AGRICULTURAL,2279,0.5,0.5
31129,Nuckolls,NE,AGRICULTURAL,2467,0.5,0.5
27017,Carlton,MN,AGRICULTURAL,1868,0.5,0.5
48169,Garza,TX,AGRICULTURAL,2675,0.5,0.5
46033,Custer,SD,AGRICULTURAL,1048,0.5,0.5
05121,Randolph,AR,AGRICULTURAL,237,0.5,0.0
48367,Parker,TX,AGRICULTURAL,1883,0.5,0.5
36099,Seneca,NY,AGRICULTURAL,1020,0.5,0.5
27153,Todd,MN,AGRICULTURAL,2343,0.5,0.5
01003,Baldwin,AL,AGRICULTURAL,297,0.5,0.0
13143,Haralson,GA,AGRICULTURAL,520,0.5,0.0
18149,Starke,IN,AGRICULTURAL,1917,0.5,0.5
01045,Dale,AL,AGRICULTURAL,235,0.5,0.0
39037,Darke,OH,AGRICULTURAL,2055,0.5,0.5
06113,Yolo,CA,AGRICULTURAL,227,0.5,0.0
30077,Powell,MT,AGRICULTURAL,803,0.5,0.0
45019,Charleston,SC,AGRICULTURAL,3180,0.5,0.5
05097,Montgomery,AR,AGRICULTURAL,220,0.5,0.0
28123,Scott,MS,AGRICULTURAL,996,0.5,0.5
56035,Sublette,WY,AGRICULTURAL,320,0.5,0.0
55059,Kenosha,WI,AGRICULTURAL,2548,0.5,0.5
48277,Lamar,TX,AGRICULTURAL,2316,0.5,0.5
18079,Jennings,IN,AGRICULTURAL,774,0.5,0.0
19137,Montgomery,IA,AGRICULTURAL,2241,0.5,0.5
19123,Mahaska,IA,AGRICULTURAL,1579,0.5,0.5
18001,Adams,IN,AGRICULTURAL,2045,0.5,0.5
19129,Mills,IA,AGRICULTURAL,1975,0.5,0.5
19009,Audubon,IA,AGRICULTURAL,2427,0.5,0.5
39051,Fulton,OH,AGRICULTURAL,2106,0.5,0.5
51143,Pittsylvania,VA,AGRICULTURAL,429,0.5,0.0
42029,Chester,PA,AGRICULTURAL,1646,0.5,0.5
45087,Union,SC,AGRICULTURAL,48,0.5,0.0
19139,Muscatine,IA,AGRICULTURAL,2018,0.5,0.5
08105,Rio Grande,CO,AGRICULTURAL,755,0.5,0.0
28011,Bolivar,MS,AGRICULTURAL,1425,0.5,0.5
17137,Morgan,IL,AGRICULTURAL,2148,0.5,0.5
30009,Carbon,MT,AGRICULTURAL,1483,0.5,0.5
28147,Walthall,MS,AGRICULTURAL,523,0.5,0.0
29225,Webster,MO,AGRICULTURAL,3149,0.5,0.5
19111,Lee,IA,AGRICULTURAL,2016,0.5,0.5
28145,Union,MS,AGRICULTURAL,635,0.5,0.0
26105,Mason,MI,AGRICULTURAL,1966,0.5,0.5
26119,Montmorency,MI,AGRICULTURAL,3333,0.5,0.5
47181,Wayne,TN,AGRICULTURAL,1379,0.5,0.5
26057,Gratiot,MI,AGRICULTURAL,2426,0.5,0.5
30079,Prairie,MT,AGRICULTURAL,1270,0.5,0.5
40021,Cherokee,OK,AGRICULTURAL,2900,0.5,0.5
19143,Osceola,IA,AGRICULTURAL,2675,0.5,0.5
19073,Greene,IA,AGRICULTURAL,1988,0.5,0.5
19105,Jones,IA,AGRICULTURAL,1956,0.5,0.5
39023,Clark,OH,AGRICULTURAL,1821,0.5,0.5
21135,Lewis,KY,AGRICULTURAL,1608,0.5,0.5
19075,Grundy,IA,AGRICULTURAL,2032,0.5,0.5
19031,Cedar,IA,AGRICULTURAL,1786,0.5,0.5
19171,Tama,IA,AGRICULTURAL,1815,0.5,0.5
19035,Cherokee,IA,AGRICULTURAL,2420,0.5,0.5
26157,Tuscola,MI,AGRICULTURAL,2026,0.5,0.5
31029,Chase,NE,AGRICULTURAL,1771,0.5,0.5
28149,Warren,MS,AGRICULTURAL,1027,0.5,0.5
51135,Nottoway,VA,AGRICULTURAL,1258,0.5,0.5
46031,Corson,SD,AGRICULTURAL,3246,0.4,0.4
34011,Cumberland,NJ,AGRICULTURAL,1319,0.4,0.4
08087,Morgan,CO,AGRICULTURAL,538,0.4,0.0
39097,Madison,OH,AGRICULTURAL,1592,0.4,0.4
19059,Dickinson,IA,AGRICULTURAL,2495,0.4,0.4
47059,Greene,TN,AGRICULTURAL,636,0.4,0.0
29015,Benton,MO,AGRICULTURAL,2618,0.4,0.4
35013,Doña Ana,NM,AGRICULTURAL,240,0.4,0.0
17077,Jackson,IL,AGRICULTURAL,1277,0.4,0.4
08067,La Plata,CO,AGRICULTURAL,659,0.4,0.0
17157,Randolph,IL,AGRICULTURAL,1690,0.4,0.4
08041,El Paso,CO,AGRICULTURAL,934,0.4,0.0
40019,Carter,OK,AGRICULTURAL,2073,0.4,0.4
37151,Randolph,NC,AGRICULTURAL,891,0.4,0.0
06097,Sonoma,CA,AGRICULTURAL,277,0.4,0.0
28085,Lincoln,MS,AGRICULTURAL,613,0.4,0.0
29061,Daviess,MO,AGRICULTURAL,2545,0.4,0.4
48009,Archer,TX,AGRICULTURAL,2444,0.4,0.4
55131,Washington,WI,AGRICULTURAL,2258,0.4,0.4
17019,Champaign,IL,AGRICULTURAL,2015,0.4,0.4
05047,Franklin,AR,AGRICULTURAL,21,0.4,0.0
31109,Lancaster,NE,AGRICULTURAL,3112,0.4,0.4
18145,Shelby,IN,AGRICULTURAL,1671,0.4,0.4
17129,Menard,IL,AGRICULTURAL,2161,0.4,0.4
51037,Charlotte,VA,AGRICULTURAL,649,0.4,0.0
42043,Dauphin,PA,AGRICULTURAL,294,0.4,0.0
39099,Mahoning,OH,AGRICULTURAL,1594,0.4,0.4
46081,Lawrence,SD,AGRICULTURAL,2556,0.4,0.4
55067,Langlade,WI,AGRICULTURAL,1229,0.4,0.4
17141,Ogle,IL,AGRICULTURAL,2280,0.4,0.4
55121,Trempealeau,WI,AGRICULTURAL,949,0.4,0.0
55141,Wood,WI,AGRICULTURAL,1700,0.4,0.4
51117,Mecklenburg,VA,AGRICULTURAL,810,0.4,0.0
13079,Crawford,GA,AGRICULTURAL,594,0.4,0.0
18097,Marion,IN,AGRICULTURAL,1878,0.4,0.4
31043,Dakota,NE,AGRICULTURAL,3434,0.4,0.4
55139,Winnebago,WI,AGRICULTURAL,2423,0.4,0.4
48495,Winkler,TX,AGRICULTURAL,571,0.4,0.0
21083,Graves,KY,AGRICULTURAL,1835,0.4,0.4
27141,Sherburne,MN,AGRICULTURAL,1642,0.4,0.4
30083,Richland,MT,AGRICULTURAL,447,0.4,0.0
30069,Petroleum,MT,AGRICULTURAL,1979,0.4,0.4
55119,Taylor,WI,AGRICULTURAL,1932,0.4,0.4
30013,Cascade,MT,AGRICULTURAL,2323,0.4,0.4
25027,Worcester,MA,AGRICULTURAL,1218,0.4,0.4
42133,York,PA,AGRICULTURAL,451,0.4,0.0
29155,Pemiscot,MO,AGRICULTURAL,1945,0.4,0.4
56029,Park,WY,AGRICULTURAL,847,0.4,0.0
42097,Northumberland,PA,AGRICULTURAL,458,0.4,0.0
20113,McPherson,KS,AGRICULTURAL,3387,0.4,0.4
55123,Vernon,WI,AGRICULTURAL,1553,0.4,0.4
55001,Adams,WI,AGRICULTURAL,1675,0.4,0.4
20149,Pottawatomie,KS,AGRICULTURAL,2053,0.4,0.4
17041,Douglas,IL,AGRICULTURAL,2222,0.4,0.4
55047,Green Lake,WI,AGRICULTURAL,2011,0.4,0.4
51095,James City,VA,AGRICULTURAL,1175,0.4,0.4
26141,Presque Isle,MI,AGRICULTURAL,3293,0.4,0.4
39073,Hocking,OH,AGRICULTURAL,1559,0.4,0.4
55031,Douglas,WI,AGRICULTURAL,937,0.4,0.0
30031,Gallatin,MT,AGRICULTURAL,1395,0.4,0.2
21143,Lyon,KY,AGRICULTURAL,1170,0.4,0.4
17057,Fulton,IL,AGRICULTURAL,2186,0.3,0.3
20051,Ellis,KS,AGRICULTURAL,2186,0.3,0.3
34015,Gloucester,NJ,AGRICULTURAL,1176,0.3,0.3
28009,Benton,MS,AGRICULTURAL,481,0.3,0.0
48139,Ellis,TX,AGRICULTURAL,2436,0.3,0.3
29135,Moniteau,MO,AGRICULTURAL,2257,0.3,0.3
55105,Rock,WI,AGRICULTURAL,2077,0.3,0.3
39149,Shelby,OH,AGRICULTURAL,2078,0.3,0.3
22119,Webster,LA,AGRICULTURAL,441,0.3,0.0
55049,Iowa,WI,AGRICULTURAL,2179,0.3,0.3
05143,Washington,AR,AGRICULTURAL,1626,0.3,0.3
28161,Yalobusha,MS,AGRICULTURAL,1492,0.3,0.3
35015,Eddy,NM,AGRICULTURAL,172,0.3,0.0
36123,Yates,NY,AGRICULTURAL,1088,0.3,0.3
22041,Franklin,LA,AGRICULTURAL,1179,0.3,0.3
08043,Fremont,CO,AGRICULTURAL,639,0.3,0.0
21157,Marshall,KY,AGRICULTURAL,1932,0.3,0.3
31075,Grant,NE,AGRICULTURAL,2630,0.3,0.3
26073,Isabella,MI,AGRICULTURAL,2089,0.3,0.3
26093,Livingston,MI,AGRICULTURAL,2479,0.3,0.3
26071,Iron,MI,AGRICULTURAL,1585,0.3,0.3
36055,Monroe,NY,AGRICULTURAL,1095,0.3,0.3
26039,Crawford,MI,AGRICULTURAL,2484,0.3,0.3
21227,Warren,KY,AGRICULTURAL,706,0.3,0.0
29001,Adair,MO,AGRICULTURAL,2421,0.3,0.3
26033,Chippewa,MI,AGRICULTURAL,1453,0.3,0.3
29053,Cooper,MO,AGRICULTURAL,2496,0.3,0.3
21183,Ohio,KY,AGRICULTURAL,1057,0.3,0.3
48151,Fisher,TX,AGRICULTURAL,989,0.3,0.0
47033,Crockett,TN,AGRICULTURAL,1794,0.3,0.3
17061,Greene,IL,AGRICULTURAL,1487,0.3,0.3
39017,Butler,OH,AGRICULTURAL,1123,0.3,0.3
18119,Owen,IN,AGRICULTURAL,2198,0.3,0.3
12105,Polk,FL,AGRICULTURAL,700,0.3,0.0
49027,Millard,UT,AGRICULTURAL,1082,0.3,0.3
26025,Calhoun,MI,AGRICULTURAL,2237,0.3,0.3
55103,Richland,WI,AGRICULTURAL,2396,0.3,0.3
48091,Comal,TX,AGRICULTURAL,1733,0.3,0.3
29157,Perry,MO,AGRICULTURAL,2110,0.3,0.3
39127,Perry,OH,AGRICULTURAL,1156,0.3,0.3
39123,Ottawa,OH,AGRICULTURAL,2307,0.3,0.3
51800,Suffolk,VA,AGRICULTURAL,1218,0.3,0.3
48021,Bastrop,TX,AGRICULTURAL,755,0.3,0.0
37017,Bladen,NC,AGRICULTURAL,1231,0.3,0.3
40001,Adair,OK,AGRICULTURAL,2960,0.3,0.3
39059,Guernsey,OH,AGRICULTURAL,1029,0.3,0.3
17155,Putnam,IL,AGRICULTURAL,1979,0.3,0.3
38079,Rolette,ND,AGRICULTURAL,1702,0.3,0.3
40107,Okfuskee,OK,AGRICULTURAL,2526,0.3,0.3
48121,Denton,TX,AGRICULTURAL,1884,0.3,0.3
39107,Mercer,OH,AGRICULTURAL,2206,0.3,0.3
26041,Delta,MI,AGRICULTURAL,1363,0.3,0.3
29197,Schuyler,MO,AGRICULTURAL,2251,0.3,0.3
39117,Morrow,OH,AGRICULTURAL,1532,0.3,0.3
48477,Washington,TX,AGRICULTURAL,1575,0.3,0.3
40035,Craig,OK,AGRICULTURAL,2517,0.3,0.3
48189,Hale,TX,AGRICULTURAL,2117,0.3,0.3
39083,Knox,OH,AGRICULTURAL,1309,0.3,0.3
40095,Marshall,OK,AGRICULTURAL,1949,0.3,0.3
48179,Gray,TX,AGRICULTURAL,2964,0.3,0.3
29089,Howard,MO,AGRICULTURAL,2646,0.3,0.3
27045,Fillmore,MN,AGRICULTURAL,2252,0.3,0.3
56045,Weston,WY,AGRICULTURAL,1374,0.3,0.3
27041,Douglas,MN,AGRICULTURAL,2332,0.3,0.3
29025,Caldwell,MO,AGRICULTURAL,2441,0.3,0.3
48481,Wharton,TX,AGRICULTURAL,1030,0.3,0.2
39153,Summit,OH,AGRICULTURAL,1443,0.3,0.3
40089,McCurtain,OK,AGRICULTURAL,504,0.3,0.0
40005,Atoka,OK,AGRICULTURAL,1641,0.3,0.3
40063,Hughes,OK,AGRICULTURAL,1857,0.3,0.3
40065,Jackson,OK,AGRICULTURAL,1876,0.3,0.3
27001,Aitkin,MN,AGRICULTURAL,1538,0.3,0.3
45055,Kershaw,SC,AGRICULTURAL,405,0.3,0.0
27109,Olmsted,MN,AGRICULTURAL,2291,0.3,0.3
48059,Callahan,TX,AGRICULTURAL,2192,0.3,0.3
42053,Forest,PA,AGRICULTURAL,1114,0.3,0.3
39003,Allen,OH,AGRICULTURAL,2772,0.3,0.3
48433,Stonewall,TX,AGRICULTURAL,1126,0.3,0.3
29186,Ste. Genevieve,MO,AGRICULTURAL,1174,0.3,0.3
19027,Carroll,IA,AGRICULTURAL,2308,0.3,0.3
47183,Weakley,TN,AGRICULTURAL,1593,0.3,0.3
39109,Miami,OH,AGRICULTURAL,1882,0.3,0.3
17127,Massac,IL,AGRICULTURAL,1034,0.3,0.3
29177,Ray,MO,AGRICULTURAL,1766,0.3,0.3
46057,Hamlin,SD,AGRICULTURAL,2173,0.3,0.3
18003,Allen,IN,AGRICULTURAL,1837,0.3,0.3
48175,Goliad,TX,AGRICULTURAL,1043,0.2,0.2
48271,Kinney,TX,AGRICULTURAL,783,0.2,0.0
19057,Des Moines,IA,AGRICULTURAL,1661,0.2,0.2
39015,Brown,OH,AGRICULTURAL,1368,0.2,0.2
16071,Oneida,ID,AGRICULTURAL,90,0.2,0.0
26147,St. Clair,MI,AGRICULTURAL,1976,0.2,0.2
21207,Russell,KY,AGRICULTURAL,476,0.2,0.0
27065,Kanabec,MN,AGRICULTURAL,1719,0.2,0.2
47189,Wilson,TN,AGRICULTURAL,631,0.2,0.0
35047,San Miguel,NM,AGRICULTURAL,2146,0.2,0.2
37035,Catawba,NC,AGRICULTURAL,225,0.2,0.0
48365,Panola,TX,AGRICULTURAL,850,0.2,0.0
48363,Palo Pinto,TX,AGRICULTURAL,1463,0.2,0.2
19049,Dallas,IA,AGRICULTURAL,1986,0.2,0.2
48405,San Augustine,TX,AGRICULTURAL,1194,0.2,0.2
37157,Rockingham,NC,AGRICULTURAL,925,0.2,0.0
55009,Brown,WI,AGRICULTURAL,1948,0.2,0.2
53067,Thurston,WA,AGRICULTURAL,717,0.2,0.0
48395,Robertson,TX,AGRICULTURAL,1136,0.2,0.2
20205,Wilson,KS,AGRICULTURAL,2247,0.2,0.2
28107,Panola,MS,AGRICULTURAL,843,0.2,0.0
48065,Carson,TX,AGRICULTURAL,2787,0.2,0.2
21225,Union,KY,AGRICULTURAL,1845,0.2,0.2
20191,Sumner,KS,AGRICULTURAL,2114,0.2,0.2
55117,Sheboygan,WI,AGRICULTURAL,2800,0.2,0.2
48129,Donley,TX,AGRICULTURAL,1698,0.2,0.2
47003,Bedford,TN,AGRICULTURAL,424,0.2,0.0
19189,Winnebago,IA,AGRICULTURAL,2318,0.2,0.2
51197,Wythe,VA,AGRICULTURAL,1086,0.2,0.2
31053,Dodge,NE,AGRICULTURAL,2695,0.2,0.2
48349,Navarro,TX,AGRICULTURAL,2106,0.2,0.2
19001,Adair,IA,AGRICULTURAL,2817,0.2,0.2
51127,New Kent,VA,AGRICULTURAL,1246,0.2,0.2
48453,Travis,TX,AGRICULTURAL,1402,0.2,0.2
51007,Amelia,VA,AGRICULTURAL,1154,0.2,0.2
39167,Washington,OH,AGRICULTURAL,263,0.2,0.0
51181,Surry,VA,AGRICULTURAL,1189,0.2,0.2
01089,Madison,AL,AGRICULTURAL,238,0.2,0.0
51031,Campbell,VA,AGRICULTURAL,451,0.2,0.0
48377,Presidio,TX,AGRICULTURAL,221,0.2,0.0
37085,Harnett,NC,AGRICULTURAL,825,0.2,0.0
18143,Scott,IN,AGRICULTURAL,920,0.2,0.0
48187,Guadalupe,TX,AGRICULTURAL,812,0.2,0.0
48473,Waller,TX,AGRICULTURAL,1072,0.2,0.2
48227,Howard,TX,AGRICULTURAL,751,0.2,0.0
47079,Henry,TN,AGRICULTURAL,1951,0.2,0.2
45031,Darlington,SC,AGRICULTURAL,922,0.2,0.0
48455,Trinity,TX,AGRICULTURAL,493,0.2,0.0
48343,Morris,TX,AGRICULTURAL,1007,0.2,0.2
49053,Washington,UT,AGRICULTURAL,1519,0.2,0.2
29071,Franklin,MO,AGRICULTURAL,1850,0.2,0.2
30081,Ravalli,MT,AGRICULTURAL,1303,0.2,0.1
45029,Colleton,SC,AGRICULTURAL,517,0.2,0.0
51187,Warren,VA,AGRICULTURAL,1616,0.2,0.2
48297,Live Oak,TX,AGRICULTURAL,836,0.2,0.0
20037,Crawford,KS,AGRICULTURAL,2944,0.2,0.2
21029,Bullitt,KY,AGRICULTURAL,1589,0.2,0.2
18093,Lawrence,IN,AGRICULTURAL,1896,0.2,0.2
10005,Sussex,DE,AGRICULTURAL,1363,0.2,0.2
26115,Monroe,MI,AGRICULTURAL,1586,0.2,0.2
18037,Dubois,IN,AGRICULTURAL,1193,0.2,0.2
29185,St. Clair,MO,AGRICULTURAL,2319,0.2,0.2
37065,Edgecombe,NC,AGRICULTURAL,1391,0.2,0.2
39061,Hamilton,OH,AGRICULTURAL,145,0.2,0.0
18047,Franklin,IN,AGRICULTURAL,1360,0.2,0.2
29051,Cole,MO,AGRICULTURAL,2263,0.2,0.2
51011,Appomattox,VA,AGRICULTURAL,1084,0.2,0.2
20077,Harper,KS,AGRICULTURAL,2111,0.2,0.2
05093,Mississippi,AR,AGRICULTURAL,2447,0.2,0.2
37125,Moore,NC,AGRICULTURAL,631,0.2,0.0
05075,Lawrence,AR,AGRICULTURAL,1634,0.2,0.2
39063,Hancock,OH,AGRICULTURAL,2321,0.2,0.2
39139,Richland,OH,AGRICULTURAL,1647,0.2,0.2
27093,Meeker,MN,AGRICULTURAL,2931,0.2,0.2
48239,Jackson,TX,AGRICULTURAL,963,0.2,0.0
42021,Cambria,PA,AGRICULTURAL,3301,0.2,0.2
21171,Monroe,KY,AGRICULTURAL,710,0.2,0.0
45067,Marion,SC,AGRICULTURAL,966,0.2,0.0
48067,Cass,TX,AGRICULTURAL,501,0.2,0.0
05013,Calhoun,AR,AGRICULTURAL,976,0.2,0.0
08013,Boulder,CO,AGRICULTURAL,56,0.2,0.0
29083,Henry,MO,AGRICULTURAL,2195,0.1,0.1
21145,McCracken,KY,AGRICULTURAL,1187,0.1,0.1
31163,Sherman,NE,AGRICULTURAL,1625,0.1,0.1
05003,Ashley,AR,AGRICULTURAL,1035,0.1,0.1
31185,York,NE,AGRICULTURAL,2327,0.1,0.1
48249,Jim Wells,TX,AGRICULTURAL,1413,0.1,0.1
31071,Garfield,NE,AGRICULTURAL,2366,0.1,0.1
42087,Mifflin,PA,AGRICULTURAL,57,0.1,0.0
39133,Portage,OH,AGRICULTURAL,1640,0.1,0.1
31023,Butler,NE,AGRICULTURAL,2375,0.1,0.1
22077,Pointe Coupee,LA,AGRICULTURAL,492,0.1,0.0
06019,Fresno,CA,AGRICULTURAL,1800,0.1,0.1
31067,Gage,NE,AGRICULTURAL,2432,0.1,0.1
48163,Frio,TX,AGRICULTURAL,895,0.1,0.0
39027,Clinton,OH,AGRICULTURAL,1704,0.1,0.1
31097,Johnson,NE,AGRICULTURAL,2037,0.1,0.1
19025,Calhoun,IA,AGRICULTURAL,2759,0.1,0.1
31159,Seward,NE,AGRICULTURAL,2245,0.1,0.1
47177,Warren,TN,AGRICULTURAL,938,0.1,0.0
29009,Barry,MO,AGRICULTURAL,2780,0.1,0.1
26121,Muskegon,MI,AGRICULTURAL,1838,0.1,0.1
31007,Banner,NE,AGRICULTURAL,1787,0.1,0.1
36009,Cattaraugus,NY,AGRICULTURAL,1668,0.1,0.1
29213,Taney,MO,AGRICULTURAL,18,0.1,0.0
48197,Hardeman,TX,AGRICULTURAL,1556,0.1,0.1
29039,Cedar,MO,AGRICULTURAL,2974,0.1,0.1
05133,Sevier,AR,AGRICULTURAL,584,0.1,0.0
39033,Crawford,OH,AGRICULTURAL,2148,0.1,0.1
42123,Warren,PA,AGRICULTURAL,1756,0.1,0.1
17123,Marshall,IL,AGRICULTURAL,2816,0.1,0.1
48439,Tarrant,TX,AGRICULTURAL,2135,0.1,0.1
48157,Fort Bend,TX,AGRICULTURAL,320,0.1,0.0
08071,Las Animas,CO,AGRICULTURAL,3910,0.1,0.1
18073,Jasper,IN,AGRICULTURAL,1953,0.1,0.1
42115,Susquehanna,PA,AGRICULTURAL,1601,0.1,0.1
39155,Trumbull,OH,AGRICULTURAL,822,0.1,0.0
40057,Harmon,OK,AGRICULTURAL,1454,0.1,0.1
48507,Zavala,TX,AGRICULTURAL,991,0.1,0.0
20011,Bourbon,KS,AGRICULTURAL,2115,0.1,0.1
39009,Athens,OH,AGRICULTURAL,796,0.1,0.0
30047,Lake,MT,AGRICULTURAL,32,0.1,0.0
55061,Kewaunee,WI,AGRICULTURAL,3037,0.1,0.1
27047,Freeborn,MN,AGRICULTURAL,2386,0.1,0.1
21197,Powell,KY,AGRICULTURAL,281,0.1,0.0
40115,Ottawa,OK,AGRICULTURAL,3018,0.1,0.1
40013,Bryan,OK,AGRICULTURAL,2304,0.1,0.1
48369,Parmer,TX,AGRICULTURAL,1814,0.1,0.1
48061,Cameron,TX,AGRICULTURAL,2134,0.1,0.1
38071,Ramsey,ND,AGRICULTURAL,2978,0.1,0.1
18007,Benton,IN,AGRICULTURAL,3017,0.1,0.1
30063,Missoula,MT,AGRICULTURAL,486,0.0,0.0
20057,Ford,KS,AGRICULTURAL,2146,0.0,0.0
30067,Park,MT,AGRICULTURAL,3133,0.0,0.0
